mes,c_llm,c_llm_mediana,ep,ep_iid,n_itens,n_dias,d2_media,taxa_d2_sem_sinal,d3_media,taxa_d3_sem_sinal,c_llm_trunc
2011-01,0.5058962264150944,0.5,0.0034190381602980315,0.0038993006070926544,212,22,3.218390804597701,0.589622641509434,2.9056603773584904,0.75,0.5058962264150944
2011-02,0.494,0.5,0.007262999244733614,0.005285402905263485,125,20,3.2045454545454546,0.648,2.933333333333333,0.76,0.494
2011-03,0.5025641025641026,0.5,0.012252781661166336,0.005138108333685665,195,25,3.0789473684210527,0.6102564102564103,2.878787878787879,0.8307692307692308,0.5025641025641026
2011-04,0.4868421052631579,0.5,0.014671077177523428,0.005418439897663161,209,23,3.0405405405405403,0.645933014354067,2.84,0.8803827751196173,0.4868421052631579
2011-05,0.5197841726618705,0.5,0.01067359014548668,0.006286580055206913,139,27,3.263157894736842,0.7266187050359713,2.888888888888889,0.8705035971223022,0.5197841726618705
2011-06,0.5169902912621359,0.5,0.01196984576809269,0.005581365898206676,206,26,3.3461538461538463,0.7475728155339806,3.0,0.9611650485436893,0.5169902912621359
2011-07,0.5163690476190477,0.5,0.01102366840246887,0.005640110534708305,168,23,3.2203389830508473,0.6488095238095238,2.9047619047619047,0.875,0.5163690476190477
2011-08,0.5132850241545893,0.5,0.007522775473805192,0.004596586766845337,207,26,3.25531914893617,0.7729468599033816,2.5,0.893719806763285,0.5132850241545893
2011-09,0.5068359375,0.5,0.007103408887242474,0.005936419031341281,256,25,2.979591836734694,0.6171875,2.6818181818181817,0.828125,0.5068359375
2011-10,0.5221674876847291,0.5,0.006303002935455904,0.005576649294077678,203,22,3.3333333333333335,0.6748768472906403,2.857142857142857,0.8620689655172413,0.5221674876847291
2011-11,0.523936170212766,0.5,0.011257427677866985,0.0057001716484889045,188,23,3.6595744680851063,0.75,2.789473684210526,0.898936170212766,0.523936170212766
2011-12,0.5152777777777777,0.5,0.010723152244793822,0.007146350987512414,180,22,3.391304347826087,0.7444444444444445,2.9375,0.9111111111111111,0.5152777777777777
2012-01,0.5525114155251142,0.5,0.013383401318395828,0.0077885726688062765,219,24,3.6338028169014085,0.6757990867579908,2.533333333333333,0.9315068493150684,0.5525114155251142
2012-02,0.5454545454545454,0.5,0.011561028148910224,0.007099307820864049,198,23,3.5576923076923075,0.7373737373737373,2.9130434782608696,0.8838383838383839,0.5454545454545454
2012-03,0.5353535353535354,0.5,0.009808868550030717,0.005845350399191947,297,26,3.2719298245614037,0.6161616161616161,2.685185185185185,0.8181818181818182,0.5353535353535354
2012-04,0.5188284518828452,0.5,0.013033847371639226,0.004762699730040313,239,24,3.3194444444444446,0.698744769874477,2.75,0.8661087866108786,0.5188284518828452
2012-05,0.5238589211618258,0.5,0.006374266001253182,0.005579042244616135,241,27,3.28,0.691908713692946,2.7954545454545454,0.8174273858921162,0.5238589211618258
2012-06,0.5465116279069767,0.5,0.014262656390899667,0.006851553748004618,215,25,3.5,0.7581395348837209,2.9,0.9069767441860465,0.5465116279069767
2012-07,0.5214007782101168,0.5,0.006341500696642677,0.004980957964071994,257,28,3.4390243902439024,0.8404669260700389,3.0,0.9455252918287937,0.5214007782101168
2012-08,0.5067307692307692,0.5,0.0038350280145957607,0.0031677230259422166,260,27,3.303030303030303,0.8730769230769231,2.4285714285714284,0.9730769230769231,0.5067307692307692
2012-09,0.507201646090535,0.5,0.003045813344966196,0.0042253486711846255,243,25,3.1956521739130435,0.8106995884773662,2.6363636363636362,0.9094650205761317,0.507201646090535
2012-10,0.5157657657657657,0.5,0.005002992275237926,0.005656558460607942,222,25,3.2388059701492535,0.6981981981981982,2.789473684210526,0.8288288288288288,0.5157657657657657
2012-11,0.5157232704402516,0.5,0.006763875394795989,0.0057676111264558716,159,22,3.081081081081081,0.7672955974842768,2.5217391304347827,0.8553459119496856,0.5157232704402516
2012-12,0.5081081081081081,0.5,0.00227642328790431,0.005034656151980907,185,22,3.2459016393442623,0.6702702702702703,2.9696969696969697,0.8216216216216217,0.5081081081081081
2013-01,0.5,0.5,0.003057905797396506,0.005049732270292356,172,24,3.0,0.6569767441860465,2.4615384615384617,0.8488372093023255,0.5
2013-02,0.49522292993630573,0.5,0.00884864269080275,0.007310447482301208,157,21,3.015873015873016,0.5987261146496815,2.3333333333333335,0.8280254777070064,0.49522292993630573
2013-03,0.4869109947643979,0.5,0.005422077554046936,0.004817637428407754,191,25,3.0136986301369864,0.6178010471204188,3.0,0.8638743455497382,0.4869109947643979
2013-04,0.501219512195122,0.5,0.008104363906239748,0.00440695051747709,205,26,3.0246913580246915,0.6048780487804878,2.717948717948718,0.8097560975609757,0.501219512195122
2013-05,0.4986910994764398,0.5,0.0035521215764143113,0.0034708278215114336,191,26,3.0727272727272728,0.7120418848167539,2.869565217391304,0.8795811518324608,0.4986910994764398
2013-06,0.49793388429752067,0.5,0.0071472276822173875,0.004138656230924509,242,24,3.183333333333333,0.7520661157024794,2.96,0.8966942148760331,0.49793388429752067
2013-07,0.4957865168539326,0.5,0.003052142762074988,0.0037129424945578447,178,27,3.0930232558139537,0.7584269662921348,2.85,0.8876404494382022,0.4957865168539326
2013-08,0.5036057692307693,0.5,0.006628519691209027,0.004659523501335456,208,27,3.1153846153846154,0.625,2.769230769230769,0.75,0.5036057692307693
2013-09,0.5036231884057971,0.5,0.003604534674504108,0.0036231884057970946,207,27,3.1132075471698113,0.7439613526570048,2.8157894736842106,0.8164251207729468,0.5036231884057971
2013-10,0.5099502487562189,0.5,0.0047632209172993,0.004937669960517224,201,26,3.211267605633803,0.6467661691542289,2.914285714285714,0.8258706467661692,0.5099502487562189
2013-11,0.4917763157894737,0.5,0.004104667851455261,0.003628704611364397,152,22,3.1538461538461537,0.8289473684210527,2.7058823529411766,0.8881578947368421,0.4917763157894737
2013-12,0.4939613526570048,0.5,0.009034059402634692,0.003993192494195641,207,22,3.25,0.748792270531401,3.0,0.855072463768116,0.4939613526570048
2014-01,0.49410377358490565,0.5,0.010381578162988722,0.0056542962281893065,212,27,3.033333333333333,0.7169811320754716,2.7142857142857144,0.8679245283018868,0.49410377358490565
2014-02,0.49645390070921985,0.5,0.005204068173586595,0.005023888982082132,141,22,3.0238095238095237,0.7021276595744681,2.8421052631578947,0.8652482269503546,0.49645390070921985
2014-03,0.4791666666666667,0.5,0.008445869938673021,0.006281486345370082,144,24,2.980769230769231,0.6388888888888888,2.8260869565217392,0.8402777777777778,0.4791666666666667
2014-04,0.4875,0.5,0.012653136874353894,0.006859420121173995,140,24,2.9836065573770494,0.5642857142857143,2.8333333333333335,0.7857142857142857,0.4875
2014-05,0.4964788732394366,0.5,0.012287777071573096,0.004988446528964336,142,25,2.975,0.7183098591549296,2.4545454545454546,0.8450704225352113,0.4964788732394366
2014-06,0.4914383561643836,0.5,0.005382485617587134,0.00615420615793489,146,25,2.979591836734694,0.6643835616438356,2.8095238095238093,0.8561643835616438,0.4914383561643836
2014-07,0.5,0.5,0.00942810687172767,0.007490829347637497,164,27,3.1333333333333333,0.6341463414634146,2.7241379310344827,0.823170731707317,0.5
2014-08,0.49728260869565216,0.5,0.02349361074734494,0.012517644747537396,92,25,3.075,0.5652173913043478,2.740740740740741,0.7065217391304348,0.49728260869565216
2014-09,0.48255813953488375,0.5,0.01084230811615902,0.005629336259022411,129,26,2.6595744680851063,0.6356589147286822,2.5714285714285716,0.7286821705426356,0.48255813953488375
2014-10,0.49731182795698925,0.5,0.0069674141836483456,0.008103381492128537,93,23,3.275,0.5698924731182796,2.7857142857142856,0.6989247311827957,0.49731182795698925
2014-11,0.48742138364779874,0.5,0.01093774451651459,0.004886429167050463,159,24,3.0657894736842106,0.5220125786163522,2.7413793103448274,0.6352201257861635,0.48742138364779874
2014-12,0.5067264573991032,0.5,0.0025074366907345967,0.003145787428619743,223,21,3.05,0.4618834080717489,2.9726027397260273,0.672645739910314,0.5067264573991032
2015-01,0.4822404371584699,0.5,0.005515424275774216,0.00513956253074296,183,21,2.963636363636364,0.6994535519125683,2.6875,0.912568306010929,0.4822404371584699
2015-02,0.4722222222222222,0.5,0.008829057968838415,0.009217550672166222,90,21,3.074074074074074,0.7074074074074074,2.9375,0.8296296296296295,0.4722222222222222
2015-03,0.4693396226415094,0.5,0.009078489682651347,0.006770842424993977,212,26,3.0,0.4858490566037736,2.8732394366197185,0.6650943396226415,0.4693396226415094
2015-04,0.484375,0.5,0.007561017225313105,0.006043589611621622,128,25,3.15,0.6875,2.68,0.8046875,0.484375
2015-05,0.49615384615384617,0.5,0.01479948280711271,0.007215388556831436,130,25,3.265625,0.5076923076923077,2.92,0.8076923076923077,0.49615384615384617
2015-06,0.46794871794871795,0.5,0.017513633491390294,0.007902022760711197,195,27,3.292134831460674,0.5435897435897435,2.84375,0.8358974358974359,0.46794871794871795
2015-07,0.4917218543046358,0.5,0.01363532806433101,0.005467755442163741,151,28,3.0980392156862746,0.6622516556291391,2.6774193548387095,0.7947019867549668,0.4917218543046358
2015-08,0.49047619047619045,0.5,0.009493738421447896,0.008902587342953664,105,25,2.967741935483871,0.7047619047619048,2.761904761904762,0.8,0.49047619047619045
2015-09,0.46172248803827753,0.5,0.012114593485315177,0.006468227150126837,209,27,2.981132075471698,0.49282296650717705,2.7733333333333334,0.6411483253588517,0.46172248803827753
2015-10,0.4468503937007874,0.5,0.010318241385823332,0.009932720044206674,127,24,2.6964285714285716,0.5590551181102362,3.0625,0.7480314960629921,0.4468503937007874
2015-11,0.4594017094017094,0.5,0.008678178778844057,0.00908282175433833,117,21,3.0,0.6324786324786325,2.6666666666666665,0.7435897435897436,0.4594017094017094
2015-12,0.42660550458715596,0.5,0.014488556735472074,0.013157105125436644,109,21,2.74468085106383,0.5688073394495413,2.814814814814815,0.7522935779816514,0.42660550458715596
2016-01,0.4433497536945813,0.5,0.013275992996123576,0.007960484651859823,203,21,2.443548387096774,0.3891625615763547,2.2,0.6305418719211823,0.4433497536945813
2016-02,0.45652173913043476,0.5,0.016822970283117026,0.009396790498593674,115,24,2.6595744680851063,0.591304347826087,2.0357142857142856,0.7565217391304347,0.45652173913043476
2016-03,0.4834558823529412,0.5,0.007613845932757966,0.007002472856451787,136,27,2.8947368421052633,0.4411764705882353,2.6226415094339623,0.6102941176470589,0.4834558823529412
2016-04,0.498015873015873,0.5,0.005979089136595392,0.0034457608485861002,126,26,3.22,0.6031746031746031,3.027027027027027,0.7063492063492064,0.498015873015873
2016-05,0.5017361111111112,0.5,0.010316625614892366,0.0046070638698719095,144,28,3.8117647058823527,0.4097222222222222,3.3934426229508197,0.5763888888888888,0.5017361111111112
2016-06,0.5106951871657754,0.5,0.012599138988335477,0.005632879547911345,187,26,3.7422680412371134,0.48128342245989303,3.4,0.6256684491978609,0.5106951871657754
2016-07,0.5177514792899408,0.5,0.01333371202619886,0.006492364878015599,169,26,3.857142857142857,0.5857988165680473,3.525,0.7633136094674556,0.5177514792899408
2016-08,0.5064935064935064,0.5,0.010992421631894103,0.004561294536923837,77,25,3.4193548387096775,0.5974025974025974,3.24,0.6753246753246753,0.5064935064935064
2016-09,0.555327868852459,0.5,0.010528574240389787,0.009434766961326826,122,25,3.9583333333333335,0.6065573770491803,3.4375,0.8688524590163934,0.555327868852459
2016-10,0.5662393162393162,0.5,0.011751518673470475,0.011106434210328435,117,23,3.725806451612903,0.4700854700854701,3.1363636363636362,0.811965811965812,0.5662393162393162
2016-11,0.5300925925925926,0.5,0.01077383920563963,0.009136758885663926,108,20,3.7027027027027026,0.6574074074074074,3.142857142857143,0.8055555555555556,0.5300925925925926
2016-12,0.5827067669172933,0.5,0.019755151949569935,0.010580188769107051,133,22,3.859154929577465,0.46616541353383456,3.1379310344827585,0.7819548872180451,0.5827067669172933
2017-01,0.6064593301435407,0.5,0.013386077402506412,0.009372544340766342,209,22,4.291666666666667,0.5406698564593302,3.210526315789474,0.9090909090909091,0.6064593301435407
2017-02,0.6157024793388429,0.5,0.01785946154178737,0.013135145401350308,121,19,3.9019607843137254,0.5785123966942148,3.111111111111111,0.8512396694214877,0.6157024793388429
2017-03,0.65,0.5,0.02237880137752577,0.013991048592435213,150,28,4.421052631578948,0.62,3.6923076923076925,0.9133333333333333,0.65
2017-04,0.6318897637795275,0.5,0.023487836947177737,0.01335334656781726,127,24,3.9464285714285716,0.562992125984252,3.2222222222222223,0.8622047244094488,0.6318897637795275
2017-05,0.6372549019607843,0.5,0.02403201608509032,0.013306292010554823,153,29,4.093333333333334,0.5098039215686274,3.413793103448276,0.8104575163398693,0.6372549019607843
2017-06,0.6383248730964467,0.5,0.023610834093086133,0.011428511611656617,197,26,3.965909090909091,0.5532994923857868,3.3636363636363638,0.7766497461928934,0.6383248730964467
2017-07,0.6276978417266187,0.5,0.023524314804823473,0.014745721771752514,139,26,4.216216216216216,0.7338129496402878,3.5555555555555554,0.935251798561151,0.6276978417266187
2017-08,0.6365131578947368,0.5,0.029112594446565734,0.01416437999901672,152,29,4.321428571428571,0.631578947368421,3.45,0.868421052631579,0.6365131578947368
2017-09,0.6767015706806283,0.75,0.027853190557719596,0.0142303433768868,191,26,4.4375,0.6649214659685864,3.111111111111111,0.9528795811518325,0.6767015706806283
2017-10,0.6285310734463276,0.5,0.026221971430762367,0.014179559315611781,177,28,4.2615384615384615,0.632768361581921,3.875,0.8192090395480226,0.6285310734463276
2017-11,0.5851063829787234,0.5,0.02178541581102185,0.015384751117187298,94,22,4.3478260869565215,0.7553191489361702,3.8333333333333335,0.8723404255319149,0.5851063829787234
2017-12,0.6404320987654321,0.5,0.028514837791313398,0.016078498861694743,162,22,4.2063492063492065,0.6111111111111112,3.3157894736842106,0.8827160493827161,0.6404320987654321
2018-01,0.6124031007751938,0.5,0.022022093744001017,0.020397804685097765,129,24,4.048780487804878,0.6821705426356589,3.7777777777777777,0.8604651162790697,0.6124031007751938
2018-02,0.625,0.5,0.022276854747999203,0.01262433067573089,172,25,4.0,0.6414728682170542,3.5789473684210527,0.8934108527131784,0.625
2018-03,0.6565265486725663,0.5,0.024004938481001797,0.012476919372374691,226,24,4.072916666666667,0.577433628318584,3.533333333333333,0.8672566371681416,0.6565265486725663
2018-04,0.6215753424657534,0.5,0.018261168626512524,0.014217983235849338,146,25,4.226415094339623,0.636986301369863,3.6666666666666665,0.7945205479452054,0.6215753424657534
2018-05,0.560377358490566,0.5,0.01526121135664546,0.008269304271889771,265,29,3.2777777777777777,0.45660377358490567,3.2653061224489797,0.8150943396226416,0.560377358490566
2018-06,0.5298245614035088,0.5,0.011173858522825066,0.005956239425242259,285,26,3.298449612403101,0.3991228070175439,3.2222222222222223,0.6859649122807018,0.5298245614035088
2018-07,0.5213178294573644,0.5,0.007624771189660706,0.006171385272702037,129,28,3.2888888888888888,0.6511627906976745,3.1142857142857143,0.7286821705426356,0.5213178294573644
2018-08,0.5391304347826087,0.5,0.014199479981125033,0.009562963467889898,115,23,3.230769230769231,0.6608695652173913,3.0689655172413794,0.7478260869565218,0.5391304347826087
2018-09,0.534965034965035,0.5,0.008963977443733827,0.007687941419951708,143,25,3.3404255319148937,0.6713286713286714,2.935483870967742,0.7832167832167832,0.534965034965035
2018-10,0.553030303030303,0.5,0.012158382524609395,0.011504486810318893,99,26,3.725,0.5959595959595959,3.425,0.5959595959595959,0.553030303030303
2018-11,0.5551948051948052,0.5,0.016948071337573294,0.010363981418829812,154,23,4.013513513513513,0.5194805194805194,3.579710144927536,0.551948051948052,0.5551948051948052
2018-12,0.6146408839779005,0.5,0.02045854063825874,0.012764935350703064,181,24,3.9224137931034484,0.6795580110497238,3.6923076923076925,0.7845303867403315,0.6146408839779005
2019-01,0.5534188034188035,0.5,0.016608039142785955,0.01128572357599161,117,26,4.296296296296297,0.7692307692307693,4.076923076923077,0.7777777777777778,0.5534188034188035
2019-02,0.6028225806451613,0.5,0.016799018026923098,0.011338934559367736,186,27,3.8133333333333335,0.5967741935483871,3.4215686274509802,0.7311827956989247,0.6028225806451613
2019-03,0.5603197674418605,0.5,0.013576088177382704,0.009360969555172979,172,23,3.6296296296296298,0.686046511627907,3.3333333333333335,0.7732558139534884,0.5603197674418605
2019-04,0.5171232876712328,0.5,0.011360379824890066,0.007551404005077081,146,26,3.52,0.8287671232876712,4.071428571428571,0.8082191780821918,0.5171232876712328
2019-05,0.532103825136612,0.5,0.007481623103041307,0.00645907585817385,183,28,3.4727272727272727,0.6994535519125683,3.25,0.7814207650273224,0.532103825136612
2019-06,0.5787037037037037,0.5,0.011619892645210995,0.008205375556643205,270,24,3.542105263157895,0.65,3.0208333333333335,0.8222222222222222,0.5787037037037037
2019-07,0.5677655677655677,0.5,0.011150322014700552,0.007672578998741789,273,29,3.6923076923076925,0.7619047619047619,3.1176470588235294,0.9377289377289377,0.5677655677655677
2019-08,0.5561538461538461,0.5,0.010964629211148784,0.0072518735881418024,325,28,3.709090909090909,0.6615384615384615,3.4029850746268657,0.7938461538461539,0.5561538461538461
2019-09,0.5960187353629977,0.5,0.010525523951422094,0.00700982330244955,427,27,3.892857142857143,0.6721311475409836,3.1702127659574466,0.8899297423887588,0.5960187353629977
2019-10,0.5971074380165289,0.5,0.011400286586371822,0.008396581801801884,363,27,3.855769230769231,0.7134986225895317,3.090909090909091,0.9090909090909091,0.5971074380165289
2019-11,0.5722789115646258,0.5,0.013141450885336288,0.007826516503653838,294,29,3.672268907563025,0.5952380952380952,3.2698412698412698,0.7857142857142857,0.5722789115646258
2019-12,0.6007246376811595,0.5,0.010070591828682729,0.0073648472074976075,345,26,3.853211009174312,0.6855072463768116,3.230769230769231,0.8884057971014493,0.6007246376811595
2020-01,0.5853174603174603,0.5,0.013760507431091643,0.009568138418755177,252,29,3.816901408450704,0.7202380952380952,3.3703703703703702,0.8948412698412699,0.5853174603174603
2020-02,0.5815548780487805,0.5,0.013216427068345516,0.007862771786647248,328,25,3.626865671641791,0.5914634146341463,3.375,0.8048780487804879,0.5815548780487805
2020-03,0.5187891440501043,0.5,0.004558669171330018,0.0036682331748046147,479,29,3.342857142857143,0.5615866388308977,3.0842105263157893,0.8016701461377871,0.5187891440501043
2020-04,0.5074503311258278,0.5,0.0033759727435030552,0.002958679959040786,302,29,3.464788732394366,0.5298013245033113,3.0,0.6423841059602649,0.5074503311258278
2020-05,0.5151057401812689,0.5,0.005515332380847303,0.0040588359211731475,331,27,3.456140350877193,0.6555891238670695,3.0615384615384613,0.8036253776435045,0.5151057401812689
2020-06,0.5296762589928058,0.5,0.007809691611193877,0.00492687798013915,417,27,3.5244755244755246,0.658273381294964,3.0754716981132075,0.8741007194244604,0.5296762589928058
2020-07,0.5255681818181818,0.5,0.010438692124883877,0.0057114462566043404,264,28,3.4411764705882355,0.7424242424242424,3.242424242424242,0.875,0.5255681818181818
2020-08,0.5208333333333334,0.5,0.019162295706751112,0.0043236250661210516,336,26,3.518181818181818,0.6726190476190477,3.193548387096774,0.8154761904761905,0.5208333333333334
2020-09,0.5234567901234568,0.5,0.009442550573564249,0.004559940800232013,405,28,3.5294117647058822,0.7061728395061728,3.173076923076923,0.8716049382716049,0.5234567901234568
2020-10,0.5129969418960245,0.5,0.00349275003126921,0.0034342380091068186,327,28,3.324561403508772,0.6513761467889908,3.259259259259259,0.7522935779816514,0.5129969418960245
2020-11,0.5179063360881543,0.5,0.008971818860171496,0.0039096698431550225,363,29,3.592233009708738,0.7162534435261708,3.475609756097561,0.7741046831955923,0.5179063360881543
2020-12,0.5206953642384106,0.5,0.0037303768458496187,0.004459960226923197,302,28,3.63265306122449,0.6754966887417219,3.0303030303030303,0.890728476821192,0.5206953642384106
2021-01,0.5135135135135135,0.5,0.0071336824475182236,0.00406929491251777,296,28,3.6194690265486726,0.6182432432432432,3.048780487804878,0.8614864864864865,0.5135135135135135
2021-02,0.5102201257861635,0.5,0.004208041435599627,0.0035623812258604383,318,27,3.597938144329897,0.6949685534591195,3.9313725490196076,0.6792452830188679,0.5102201257861635
2021-03,0.5147192028985508,0.5,0.004487552628204057,0.0031516086721451305,552,29,3.6822033898305087,0.572463768115942,3.073170731707317,0.8514492753623188,0.5147192028985508
2021-04,0.5050505050505051,0.5,0.010740373509598939,0.003759333702953977,297,25,3.6582278481012658,0.734006734006734,3.3846153846153846,0.8686868686868687,0.5050505050505051
2021-05,0.5150240384615384,0.5,0.004467475434041358,0.00396827648424581,416,27,3.717741935483871,0.7019230769230769,2.8518518518518516,0.9350961538461539,0.5150240384615384
2021-06,0.5097583643122676,0.5,0.004608148741186159,0.00335981220183673,538,26,3.7685714285714287,0.6747211895910781,3.1346153846153846,0.9033457249070632,0.5097583643122676
2021-07,0.49917763157894735,0.5,0.009476268037172672,0.0031899208475480705,304,28,3.5238095238095237,0.7927631578947368,3.235294117647059,0.944078947368421,0.49917763157894735
2021-08,0.4994356659142212,0.5,0.00555278611322466,0.004189859339126969,443,30,3.7341040462427744,0.6094808126410836,3.369047619047619,0.8103837471783296,0.4994356659142212
2021-09,0.4851778656126482,0.5,0.004955649966289488,0.004024556753988907,506,27,3.2903225806451615,0.6324110671936759,2.9583333333333335,0.857707509881423,0.4851778656126482
2021-10,0.47438330170777987,0.5,0.007976458551274133,0.004663701544411847,527,28,3.1824817518248176,0.48007590132827327,2.8774193548387097,0.7058823529411765,0.47438330170777987
2021-11,0.4760579064587973,0.5,0.011045017403808291,0.004626265775161556,449,29,3.3197278911564627,0.6740905716406829,3.0851063829787235,0.8968077208611729,0.4760579064587973
2021-12,0.4969244288224956,0.5,0.008992147379608503,0.0034321625927386814,569,29,3.4814814814814814,0.6203866432337434,3.0285714285714285,0.8769771528998243,0.4969244288224956
2022-01,0.480410447761194,0.5,0.01815735208000732,0.004088874271428307,536,31,3.168539325842697,0.8348880597014925,2.652173913043478,0.914179104477612,0.480410447761194
2022-02,0.4930915371329879,0.5,0.0021315122571707807,0.0025034212019527124,579,27,3.404040404040404,0.6580310880829016,3.112676056338028,0.8773747841105354,0.4930915371329879
2022-03,0.4809131736526946,0.5,0.0041227488037667796,0.003414332415989792,668,31,3.3348214285714284,0.6646706586826348,2.8860759493670884,0.8817365269461078,0.4809131736526946
2022-04,0.48210290827740493,0.5,0.005951268705913772,0.003528289683786185,447,30,3.15,0.6420581655480985,2.978021978021978,0.796420581655481,0.48210290827740493
2022-05,0.48442760942760943,0.5,0.009411745972203218,0.0031717059394319987,594,30,3.3503184713375798,0.7356902356902357,2.806451612903226,0.8956228956228957,0.48442760942760943
2022-06,0.48278688524590163,0.5,0.00446357694921334,0.0037840088131511134,610,30,3.3364583333333333,0.6857142857142857,2.960493827160494,0.8676814988290397,0.48278688524590163
2022-07,0.4819078947368421,0.5,0.016212961545710714,0.0035827544456288976,456,31,3.357142857142857,0.8771929824561403,2.806451612903226,0.9320175438596491,0.4819078947368421
2022-08,0.501610305958132,0.5,0.002733176655697725,0.0032725443864546834,621,31,3.482233502538071,0.6827697262479872,2.9827586206896552,0.9066022544283414,0.501610305958132
2022-09,0.516955266955267,0.5,0.009706635356406009,0.0032251918677624327,693,30,3.6040609137055837,0.7157287157287158,2.953846153846154,0.9062049062049062,0.516955266955267
2022-10,0.5110619469026548,0.5,0.006351600352310671,0.0040354437134665095,452,31,3.5714285714285716,0.8451327433628318,3.206896551724138,0.9358407079646017,0.5110619469026548
2022-11,0.4952290076335878,0.5,0.002734404860074068,0.0030131102948058775,524,30,3.4285714285714284,0.7729007633587787,3.2857142857142856,0.8396946564885496,0.4952290076335878
2022-12,0.49317738791423,0.5,0.004176290777871635,0.002654750578474037,513,30,3.42,0.7076023391812866,3.139344262295082,0.7621832358674464,0.49317738791423
2023-01,0.4603794642857143,0.5,0.011196934101440736,0.0051125063493610255,448,28,2.716535433070866,0.7176339285714286,2.274336283185841,0.7488839285714286,0.4603794642857143
2023-02,0.47668393782383417,0.5,0.0037564432570827005,0.002663683246458748,965,28,2.8606965174129355,0.3756476683937824,2.2315140845070425,0.4119170984455959,0.47668393782383417
2023-03,0.4912361623616236,0.5,0.0031653013352912727,0.0019396448692010637,1084,31,2.9165067178502877,0.5193726937269373,2.336470588235294,0.6079335793357934,0.4912361623616236
2023-04,0.49784110535405873,0.5,0.0067956735912217845,0.003588603091662512,579,29,3.0323624595469254,0.46632124352331605,2.6867469879518073,0.5699481865284974,0.49784110535405873
2023-05,0.50546875,0.5,0.0063195094887154605,0.0025760337666178436,800,31,3.081012658227848,0.50625,2.5517799352750807,0.61375,0.50546875
2023-06,0.540692007797271,0.5,0.009715041335426835,0.003214041229145075,1026,30,3.0851648351648353,0.4678362573099415,2.4136904761904763,0.672514619883041,0.540692007797271
2023-07,0.5513392857142857,0.5,0.007938480569400523,0.004586984614640921,560,31,3.091796875,0.5428571428571428,2.2906976744186047,0.6928571428571428,0.5513392857142857
2023-08,0.5287447257383966,0.5,0.0050578350577392805,0.0029199197884862667,948,31,3.412350597609562,0.4704641350210971,3.0069204152249136,0.6951476793248945,0.5287447257383966
2023-09,0.5205965909090909,0.5,0.004676874688208129,0.0032418582651422287,704,29,3.4945848375451263,0.6065340909090909,3.0134228187919465,0.7883522727272727,0.5205965909090909
2023-10,0.5191919191919192,0.5,0.008676300266436905,0.0035419198125132612,495,30,3.4502923976608186,0.6545454545454545,2.9916666666666667,0.7575757575757576,0.5191919191919192
2023-11,0.53839590443686,0.5,0.005263974787551317,0.003917519918517618,586,30,3.6666666666666665,0.6416382252559727,3.1666666666666665,0.7952218430034129,0.53839590443686
2023-12,0.5664976599063962,0.5,0.008801025145926348,0.004794723928540737,641,29,3.6734234234234235,0.6536661466458659,2.9583333333333335,0.8510140405616224,0.5664976599063962
2024-01,0.5446750902527075,0.5,0.00731952203146904,0.004315971373266364,554,31,3.5591397849462365,0.8330324909747292,2.8536585365853657,0.9268953068592057,0.5446750902527075
2024-02,0.5356415478615071,0.5,0.006901035264043385,0.004141333336900344,491,28,3.558139534883721,0.7372708757637475,2.7868852459016393,0.8757637474541752,0.5356415478615071
2024-03,0.5311032863849765,0.5,0.006043992501884108,0.003803393514481026,639,31,3.3663793103448274,0.6384976525821596,2.805084745762712,0.8169014084507042,0.5311032863849765
2024-04,0.5131375579598145,0.5,0.003781075047382843,0.0028472427758165202,647,30,3.326923076923077,0.598145285935085,3.035928143712575,0.7418856259659969,0.5131375579598145
2024-05,0.4962467362924282,0.5,0.005399388812524494,0.0025937709720585565,766,30,2.969208211143695,0.5548302872062664,2.581218274111675,0.7428198433420365,0.4962467362924282
2024-06,0.500968992248062,0.5,0.003803642788217064,0.0020773121062508896,903,30,3.0080321285140563,0.4485049833887043,2.4792176039119806,0.5470653377630121,0.500968992248062
2024-07,0.5007704160246533,0.5,0.004010474880744896,0.002670686382121553,649,30,2.878787878787879,0.6440677966101694,2.377551020408163,0.6979969183359014,0.5007704160246533
2024-08,0.5061761546723953,0.5,0.004807655913889141,0.0022548002199769992,931,31,3.291746641074856,0.44038668098818473,2.886740331491713,0.611170784103115,0.5061761546723953
2024-09,0.5024570024570024,0.5,0.001843804646828218,0.002256643815516338,814,30,3.325,0.6560196560196561,2.921985815602837,0.8267813267813268,0.5024570024570024
2024-10,0.4947325769854133,0.5,0.00538022111436395,0.0029998828599087208,617,30,3.4274193548387095,0.5980551053484603,3.1366120218579234,0.7034035656401945,0.4947325769854133
2024-11,0.4809437386569873,0.5,0.006772969720271808,0.0036556575188865133,551,30,3.2751091703056767,0.5843920145190563,2.8652482269503547,0.7441016333938294,0.4809437386569873
2024-12,0.47433774834437087,0.5,0.004425537066274973,0.0034423265887688157,906,30,3.232848232848233,0.46909492273730685,3.0231788079470197,0.6666666666666666,0.47433774834437087
2025-01,0.46220703125,0.5,0.011570467875524449,0.00462450532882013,640,30,3.137295081967213,0.61953125,2.9753521126760565,0.77890625,0.46220703125
2025-02,0.48086124401913877,0.5,0.007349666239365069,0.005065115877369061,418,27,3.1769662921348316,0.5741626794258373,2.688679245283019,0.7464114832535885,0.48086124401913877
2025-03,0.4863636363636364,0.5,0.004082855089656837,0.0034896658934238938,605,31,3.3653846153846154,0.5702479338842975,2.957983193277311,0.8033057851239669,0.4863636363636364
2025-04,0.497865275142315,0.5,0.003085151785476481,0.0030110458635542073,527,30,3.4161490683229814,0.6954459203036053,3.225806451612903,0.8235294117647058,0.497865275142315
2025-05,0.500392464678179,0.5,0.00914555155176421,0.003491008973987852,637,30,3.3446969696969697,0.5855572998430141,2.90625,0.7990580847723705,0.500392464678179
2025-06,0.4960087082728592,0.5,0.005418413196107937,0.0035729632401791224,689,30,3.3890784982935154,0.5747460087082729,2.9,0.8113207547169812,0.4960087082728592
2025-07,0.49459234608985025,0.5,0.0075332517140274035,0.004536144704091954,601,31,3.306451612903226,0.6905158069883528,2.9514563106796117,0.8286189683860233,0.49459234608985025
2025-08,0.5050091074681239,0.5,0.003848672812636072,0.003373439941555783,549,31,3.5234375,0.7668488160291439,2.857142857142857,0.8724954462659381,0.5050091074681239
2025-09,0.5092478421701603,0.5,0.003567016510521496,0.003128774059340979,811,30,3.3733333333333335,0.6300863131935882,2.957055214723926,0.7990135635018496,0.5092478421701603
2025-10,0.5112016293279023,0.5,0.004676946481351829,0.003915432064190311,491,31,3.4444444444444446,0.7443991853360489,2.6666666666666665,0.8716904276985743,0.5112016293279023
2025-11,0.5144927536231884,0.5,0.015782154096471893,0.004736184798003887,207,7,3.3191489361702127,0.5458937198067633,2.697674418604651,0.7922705314009661,0.5144927536231884
