item_id,texto_grupo,era,data_publicacao,veiculo,tipo_veiculo,titulo,lead,paragrafo_1,fonte_ref
syn01a,g01,boa,2007-05-14,Sintetico,imprensa,"Analistas divergem sobre trajetória da inflação","Projeções para o IPCA se dividem entre convergência e estouro da meta","Economistas consultados apresentaram cenários distintos para os próximos doze meses, com parte apontando convergência gradual e parte alertando para riscos de desvio.",syn
syn01b,g01,ruim,2015-05-14,Sintetico,imprensa,"Analistas divergem sobre trajetória da inflação","Projeções para o IPCA se dividem entre convergência e estouro da meta","Economistas consultados apresentaram cenários distintos para os próximos doze meses, com parte apontando convergência gradual e parte alertando para riscos de desvio.",syn
syn02a,g02,boa,2019-03-08,Sintetico,imprensa,"Copom mantém juros e reforça compromisso com a meta","Comunicado repete que política monetária seguirá vigilante","O comitê manteve a taxa básica e afirmou que continuará atento à evolução das expectativas, sem indicar mudança de rota no curto prazo.",syn
syn02b,g02,ruim,2021-09-08,Sintetico,imprensa,"Copom mantém juros e reforça compromisso com a meta","Comunicado repete que política monetária seguirá vigilante","O comitê manteve a taxa básica e afirmou que continuará atento à evolução das expectativas, sem indicar mudança de rota no curto prazo.",syn
syn03a,g03,boa,2006-08-21,Sintetico,imprensa,"Mercado eleva projeção de inflação pelo segundo mês","Boletim mostra revisão para cima nas estimativas do IPCA","A mediana das projeções subiu pela segunda semana consecutiva, refletindo pressões recentes de preços de alimentos e combustíveis.",syn
syn03b,g03,ruim,2022-04-21,Sintetico,imprensa,"Mercado eleva projeção de inflação pelo segundo mês","Boletim mostra revisão para cima nas estimativas do IPCA","A mediana das projeções subiu pela segunda semana consecutiva, refletindo pressões recentes de preços de alimentos e combustíveis.",syn
syn04a,g04,boa,2018-06-11,Sintetico,imprensa,"Economistas cobram comunicação mais clara do Banco Central","Relatórios apontam ruído entre discurso e decisão","Casas de análise afirmaram que o último comunicado deixou dúvidas sobre os próximos passos, o que ampliou a volatilidade nos contratos de juros.",syn
syn04b,g04,ruim,2016-02-11,Sintetico,imprensa,"Economistas cobram comunicação mais clara do Banco Central","Relatórios apontam ruído entre discurso e decisão","Casas de análise afirmaram que o último comunicado deixou dúvidas sobre os próximos passos, o que ampliou a volatilidade nos contratos de juros.",syn
syn05a,g05,boa,2017-10-02,Sintetico,research,"Cenário base contempla convergência da inflação no horizonte relevante","Nota a clientes discute balanço de riscos","Em nosso cenário base, a inflação converge para o centro da meta no horizonte relevante, embora o balanço de riscos siga assimétrico.",syn
syn05b,g05,ruim,2014-10-02,Sintetico,research,"Cenário base contempla convergência da inflação no horizonte relevante","Nota a clientes discute balanço de riscos","Em nosso cenário base, a inflação converge para o centro da meta no horizonte relevante, embora o balanço de riscos siga assimétrico.",syn
syn06a,g06,boa,2007-11-19,Sintetico,imprensa,"Presidente do Banco Central defende decisão em audiência","Autoridade diz que juros refletem avaliação técnica do comitê","Em audiência no Congresso, a autoridade monetária afirmou que a decisão foi tomada com base em critérios técnicos e negou qualquer interferência externa.",syn
syn06b,g06,ruim,2015-11-19,Sintetico,imprensa,"Presidente do Banco Central defende decisão em audiência","Autoridade diz que juros refletem avaliação técnica do comitê","Em audiência no Congresso, a autoridade monetária afirmou que a decisão foi tomada com base em critérios técnicos e negou qualquer interferência externa.",syn
syn07a,g07,boa,2019-07-29,Sintetico,imprensa,"Governo critica nível dos juros e pede ritmo mais rápido de cortes","Declarações aumentam pressão sobre o comitê às vésperas da reunião","Integrantes do governo voltaram a criticar publicamente o patamar da taxa básica, defendendo cortes mais rápidos para estimular a atividade.",syn
syn07b,g07,ruim,2013-07-29,Sintetico,imprensa,"Governo critica nível dos juros e pede ritmo mais rápido de cortes","Declarações aumentam pressão sobre o comitê às vésperas da reunião","Integrantes do governo voltaram a criticar publicamente o patamar da taxa básica, defendendo cortes mais rápidos para estimular a atividade.",syn
syn08a,g08,boa,2006-04-10,Sintetico,research,"Expectativas seguem sensíveis a surpresas de curto prazo","Avaliação de estrategistas sobre a dinâmica recente do IPCA","Nossos modelos indicam que as expectativas de inflação continuam reagindo mais a surpresas correntes do que ao horizonte da meta, o que recomenda cautela.",syn
syn08b,g08,ruim,2021-04-10,Sintetico,research,"Expectativas seguem sensíveis a surpresas de curto prazo","Avaliação de estrategistas sobre a dinâmica recente do IPCA","Nossos modelos indicam que as expectativas de inflação continuam reagindo mais a surpresas correntes do que ao horizonte da meta, o que recomenda cautela.",syn
syn09a,g09,boa,2017-10-09,Sintetico,imprensa,"Economistas avaliam próximos passos da política de juros","Relatórios de bancos discutem ritmo adequado para a taxa básica","Casas de análise divergem sobre o espaço para ajustes adicionais, citando a evolução recente dos núcleos de inflação e do câmbio.",syn
syn09b,g09,ruim,2002-10-09,Sintetico,imprensa,"Economistas avaliam próximos passos da política de juros","Relatórios de bancos discutem ritmo adequado para a taxa básica","Casas de análise divergem sobre o espaço para ajustes adicionais, citando a evolução recente dos núcleos de inflação e do câmbio.",syn
syn10a,g10,boa,2019-06-17,Sintetico,research,"Cenário de inflação exige monitoramento, diz relatório","Análise aponta riscos equilibrados para o horizonte relevante","O documento lista fatores de pressão e de alívio sobre os preços e conclui que o balanço de riscos segue exigindo atenção da autoridade monetária.",syn
syn10b,g10,ruim,2015-06-17,Sintetico,research,"Cenário de inflação exige monitoramento, diz relatório","Análise aponta riscos equilibrados para o horizonte relevante","O documento lista fatores de pressão e de alívio sobre os preços e conclui que o balanço de riscos segue exigindo atenção da autoridade monetária.",syn
syn11a,g11,boa,2007-02-12,Sintetico,imprensa,"Presidente do BC comenta expectativas em evento","Dirigente afirma que decisões seguirão os dados","Em conferência, o presidente do Banco Central disse que o comitê avaliará o conjunto de informações disponível antes de qualquer definição sobre os juros.",syn
syn11b,g11,ruim,2021-02-12,Sintetico,imprensa,"Presidente do BC comenta expectativas em evento","Dirigente afirma que decisões seguirão os dados","Em conferência, o presidente do Banco Central disse que o comitê avaliará o conjunto de informações disponível antes de qualquer definição sobre os juros.",syn
syn12a,g12,boa,2006-04-03,Sintetico,research,"Nota técnica discute transmissão da política monetária","Estudo examina defasagens entre decisão de juros e preços","A nota revisita estimativas de defasagem da política monetária no Brasil e discute implicações para o calendário de decisões do comitê.",syn
syn12b,g12,ruim,2013-04-03,Sintetico,research,"Nota técnica discute transmissão da política monetária","Estudo examina defasagens entre decisão de juros e preços","A nota revisita estimativas de defasagem da política monetária no Brasil e discute implicações para o calendário de decisões do comitê.",syn
