data,DU_30,DU_60,DU_90,DU_120,DU_180,DU_360,DU_720,DU_1080,DU_1800
2017-01-01,,,,,0.17,12.43,,12.24,12.02
2017-01-02,11.46,626643.0,159294.0,,,,,,
2017-01-03,11.46,629209.0,162103.0,19882.0,,,5429.0,,
2017-01-04,11.48,629911.0,161777.0,19942.0,,,5477.0,,
2017-01-05,11.36,627918.0,162793.0,19899.0,,,5488.0,,
2017-01-06,11.38,628214.0,160182.0,19964.0,,,5521.0,,
2017-01-09,11.36,625331.0,162023.0,19887.0,,,5532.0,,
2017-01-10,11.32,625547.0,159556.0,19856.0,,,5552.0,,
2017-01-11,11.32,626910.0,159775.0,19954.0,,,5564.0,,
2017-01-12,10.98,623518.0,162307.0,19891.0,,,5547.0,,
2017-01-13,11.04,630484.0,162023.0,19886.0,,,5574.0,,
2017-01-16,10.99,626801.0,162616.0,,,,,,
2017-01-17,11.0,634631.0,163369.0,19827.0,,,5539.0,,
2017-01-18,11.0,642684.0,162817.0,19805.0,,,5556.0,,
2017-01-19,10.94,642165.0,162600.0,19732.0,,,5540.0,,
2017-01-20,10.88,636100.0,163568.0,19827.0,,,5555.0,,
2017-01-23,10.89,622673.0,165292.0,19800.0,,,5553.0,,
2017-01-24,10.88,627135.0,165473.0,19913.0,,,5601.0,,
2017-01-25,,624840.0,165479.0,20069.0,,,5656.0,,
2017-01-26,10.9,623333.0,165920.0,20101.0,,,5655.0,,
2017-01-27,10.87,622726.0,165573.0,20094.0,,,5661.0,,
2017-01-30,10.87,621660.0,163160.0,19971.0,,,5661.0,,
2017-01-31,10.83,623266.0,163894.0,19864.0,,,5615.0,,
2017-02-01,10.81,626561.0,164174.0,19891.0,0.0302,11.96,5643.0,11.74,11.46
2017-02-02,10.79,628038.0,164155.0,19885.0,,,5636.0,,
2017-02-03,10.74,628922.0,165074.0,20071.0,,,5667.0,,
2017-02-06,10.72,627503.0,128892.0,20052.0,,,5664.0,,
2017-02-07,10.68,628571.0,164037.0,20090.0,,,5674.0,,
2017-02-08,10.62,629874.0,165134.0,20054.0,,,5682.0,,
2017-02-09,10.62,628292.0,165359.0,20172.0,,,5715.0,,
2017-02-10,10.56,628550.0,167571.0,20269.0,,,5734.0,,
2017-02-13,10.54,628037.0,169075.0,20412.0,,,5764.0,,
2017-02-14,10.52,630744.0,169139.0,20504.0,,,5783.0,,
2017-02-15,10.5,628675.0,170992.0,20612.0,,,5819.0,,
2017-02-16,10.52,631137.0,171008.0,20620.0,,,5815.0,,
2017-02-17,10.45,630019.0,170551.0,20624.0,,,5839.0,,
2017-02-20,10.41,624086.0,172085.0,20624.0,,,5839.0,,
2017-02-21,10.34,626743.0,172905.0,20743.0,,,5866.0,,
2017-02-22,10.32,627515.0,172098.0,20776.0,,,5861.0,,
2017-02-23,10.19,627938.0,170793.0,20810.0,,,5836.0,,
2017-02-24,10.2,629780.0,169828.0,20822.0,,,5825.0,,
2017-02-27,,,,20837.0,,,5862.0,,
2017-02-28,,,,20812.0,,,5825.0,,
2017-03-01,10.14,628215.0,170660.0,21116.0,0.1519,11.36,5904.0,10.99,10.75
2017-03-02,10.15,630113.0,169185.0,20997.0,,,5861.0,,
2017-03-03,10.07,633709.0,170704.0,20954.0,,,5871.0,,
2017-03-06,10.03,632974.0,171034.0,20912.0,,,5849.0,,
2017-03-07,10.04,635652.0,170328.0,20901.0,,,5834.0,,
2017-03-08,10.06,637723.0,168442.0,20836.0,,,5838.0,,
2017-03-09,10.06,637453.0,167924.0,20777.0,,,5839.0,,
2017-03-10,9.87,638335.0,168404.0,20828.0,,,5862.0,,
2017-03-13,9.83,639245.0,169793.0,20846.0,,,5876.0,,
2017-03-14,9.87,643900.0,168472.0,20786.0,,,5857.0,,
2017-03-15,9.8,642012.0,170748.0,20860.0,,,5900.0,,
2017-03-16,9.82,643943.0,170293.0,20894.0,,,5901.0,,
2017-03-17,9.82,641253.0,168164.0,20911.0,,,5890.0,,
2017-03-20,9.8,637982.0,168715.0,20886.0,,,5902.0,,
2017-03-21,9.75,640188.0,165879.0,20653.0,,,5794.0,,
2017-03-22,9.76,643073.0,166467.0,20579.0,,,5822.0,,
2017-03-23,9.78,644339.0,166518.0,20619.0,,,5818.0,,
2017-03-24,9.69,644472.0,167131.0,20530.0,,,5829.0,,
2017-03-27,9.63,644842.0,167667.0,20413.0,,,5840.0,,
2017-03-28,9.64,648610.0,168342.0,20520.0,,,5875.0,,
2017-03-29,9.61,650435.0,169501.0,20659.0,,,5898.0,,
2017-03-30,9.68,651580.0,169301.0,20728.0,,,5914.0,,
2017-03-31,9.67,634512.0,169360.0,20663.0,,,5912.0,,
2017-04-01,,,,,0.0,10.69,,10.45,10.15
2017-04-03,9.62,655229.0,169788.0,20650.0,,,5895.0,,
2017-04-04,9.6,659704.0,170543.0,20689.0,,,5899.0,,
2017-04-05,9.56,658126.0,169270.0,20648.0,,,5864.0,,
2017-04-06,9.62,659396.0,168258.0,20663.0,,,5879.0,,
2017-04-07,9.58,658887.0,168834.0,20656.0,,,5878.0,,
2017-04-10,9.46,656136.0,169036.0,20658.0,,,5881.0,,
2017-04-11,9.42,661452.0,168810.0,20651.0,,,5867.0,,
2017-04-12,9.46,664092.0,168079.0,20592.0,,,5836.0,,
2017-04-13,9.48,665344.0,166696.0,20453.0,,,5805.0,,
2017-04-17,9.46,663198.0,168853.0,20637.0,,,5857.0,,
2017-04-18,9.36,669152.0,168611.0,20523.0,,,5849.0,,
2017-04-19,9.37,671871.0,167268.0,20404.0,,,5863.0,,
2017-04-20,9.37,661456.0,168091.0,20579.0,,,5917.0,,
2017-04-24,9.32,667311.0,168752.0,20764.0,,,5984.0,,
2017-04-25,9.38,668767.0,169952.0,20996.0,,,6025.0,,
2017-04-26,9.36,672924.0,169575.0,20975.0,,,6025.0,,
2017-04-27,9.34,674008.0,169289.0,20981.0,,,6049.0,,
2017-04-28,9.3,677666.0,171120.0,20941.0,,,6048.0,,
2017-05-01,,,,,0.0764,10.12,,9.88,9.65
2017-05-02,9.26,677136.0,173196.0,20950.0,,,6095.0,,
2017-05-03,9.22,689391.0,172593.0,20958.0,,,6073.0,,
2017-05-04,9.27,688856.0,170549.0,20951.0,,,6075.0,,
2017-05-05,9.22,686141.0,170475.0,21007.0,,,6101.0,,
2017-05-08,9.2,689503.0,172559.0,21012.0,,,6103.0,,
2017-05-09,9.15,694123.0,173743.0,20976.0,,,6121.0,,
2017-05-10,9.07,693490.0,175299.0,20943.0,,,6129.0,,
2017-05-11,8.97,697842.0,175905.0,20919.0,,,6116.0,,
2017-05-12,8.92,700348.0,176809.0,20897.0,,,6121.0,,
2017-05-15,8.81,698185.0,177329.0,20982.0,,,6150.0,,
2017-05-16,8.76,705124.0,177979.0,20980.0,,,6170.0,,
2017-05-17,8.77,706841.0,176427.0,20607.0,,,6011.0,,
2017-05-18,10.09,708579.0,165656.0,20663.0,,,6055.0,,
2017-05-19,9.63,704927.0,167414.0,20805.0,,,6084.0,,
2017-05-22,9.76,701063.0,165247.0,20895.0,,,6134.0,,
2017-05-23,9.54,706049.0,167000.0,20938.0,,,6139.0,,
2017-05-24,9.45,709685.0,168387.0,21012.0,,,6163.0,,
2017-05-25,9.43,706366.0,168117.0,21083.0,,,6205.0,,
2017-05-26,9.22,708719.0,169941.0,21080.0,,,6210.0,,
2017-05-29,9.12,710541.0,169631.0,,,,,,
2017-05-30,9.21,709624.0,169743.0,21029.0,,,6203.0,,
2017-05-31,9.15,717312.0,167830.0,21009.0,,,6199.0,,
2017-06-01,9.31,720951.0,166907.0,21144.0,0.0536,9.68,6247.0,9.4,9.23
2017-06-02,9.33,722174.0,163660.0,21206.0,,,6306.0,,
2017-06-05,9.36,719611.0,163821.0,21184.0,,,6296.0,,
2017-06-06,9.22,723559.0,164474.0,21136.0,,,6275.0,,
2017-06-07,9.21,724413.0,164813.0,21174.0,,,6297.0,,
2017-06-08,9.21,725027.0,164257.0,21183.0,,,6322.0,,
2017-06-09,9.03,724903.0,163841.0,21272.0,,,6208.0,,
2017-06-12,9.02,720410.0,163033.0,21236.0,,,6175.0,,
2017-06-13,9.06,725682.0,163253.0,21328.0,,,6220.0,,
2017-06-14,9.04,727638.0,163439.0,21375.0,,,6195.0,,
2017-06-16,8.96,724424.0,163316.0,21384.0,,,6152.0,,
2017-06-19,8.87,724988.0,163670.0,21529.0,,,6239.0,,
2017-06-20,8.93,718599.0,161701.0,21467.0,,,6188.0,,
2017-06-21,8.86,722596.0,161492.0,21410.0,,,6234.0,,
2017-06-22,8.84,724734.0,162348.0,21397.0,,,6267.0,,
2017-06-23,8.85,722692.0,162084.0,21395.0,,,6265.0,,
2017-06-26,8.82,720636.0,163576.0,21410.0,,,6247.0,,
2017-06-27,8.85,728991.0,162684.0,21311.0,,,6147.0,,
2017-06-28,8.81,732042.0,163296.0,21455.0,,,6234.0,,
2017-06-29,8.83,736263.0,163516.0,21287.0,,,6144.0,,
2017-06-30,8.77,738130.0,164760.0,21350.0,,,6140.0,,
2017-07-01,,,,,0.0623,8.83,,8.64,8.44
2017-07-03,8.64,739434.0,165220.0,21479.0,,,6110.0,,
2017-07-04,8.64,743300.0,165191.0,,,,,,
2017-07-05,8.58,737069.0,165154.0,21478.0,,,6151.0,,
2017-07-06,8.58,738940.0,164664.0,21320.0,,,6089.0,,
2017-07-07,8.59,737191.0,164424.0,21414.0,,,6153.0,,
2017-07-10,8.57,730676.0,165362.0,21409.0,,,6176.0,,
2017-07-11,8.54,734675.0,166376.0,21409.0,,,6193.0,,
2017-07-12,8.49,739421.0,168290.0,21532.0,,,6261.0,,
2017-07-13,8.48,740326.0,168901.0,21553.0,,,6274.0,,
2017-07-14,8.43,741460.0,171240.0,21638.0,,,6312.0,,
2017-07-17,8.43,735671.0,171169.0,21630.0,,,6314.0,,
2017-07-18,8.39,740502.0,171479.0,21575.0,,,6344.0,,
2017-07-19,8.33,740806.0,171284.0,21641.0,,,6385.0,,
2017-07-20,8.26,730332.0,171137.0,21612.0,,,6390.0,,
2017-07-21,8.29,732867.0,170835.0,21580.0,,,6388.0,,
2017-07-24,8.28,731853.0,171478.0,21513.0,,,6411.0,,
2017-07-25,8.29,725008.0,172445.0,21613.0,,,6412.0,,
2017-07-26,8.28,732667.0,170460.0,21711.0,,,6423.0,,
2017-07-27,8.01,731981.0,170993.0,21797.0,,,6382.0,,
2017-07-28,7.96,732110.0,171357.0,21830.0,,,6375.0,,
2017-07-31,7.98,728976.0,172050.0,21891.0,,,6348.0,,
2017-08-01,7.93,734679.0,172796.0,21964.0,0.0509,8.22,6363.0,7.99,7.81
2017-08-02,7.91,736615.0,173842.0,22016.0,,,6363.0,,
2017-08-03,7.88,729797.0,173499.0,22026.0,,,6340.0,,
2017-08-04,7.88,730212.0,173468.0,22093.0,,,6352.0,,
2017-08-07,7.9,731887.0,174969.0,22118.0,,,6384.0,,
2017-08-08,7.89,735178.0,174779.0,22085.0,,,6370.0,,
2017-08-09,7.91,736149.0,174528.0,22049.0,,,6352.0,,
2017-08-10,7.9,734145.0,173433.0,21844.0,,,6217.0,,
2017-08-11,7.88,740610.0,174018.0,21858.0,,,6257.0,,
2017-08-14,7.88,742462.0,175391.0,21994.0,,,6340.0,,
2017-08-15,7.89,741230.0,175593.0,21999.0,,,6322.0,,
2017-08-16,7.86,743385.0,175802.0,22025.0,,,6345.0,,
2017-08-17,7.91,743964.0,174826.0,21751.0,,,6322.0,,
2017-08-18,7.84,737122.0,176151.0,21675.0,,,6217.0,,
2017-08-21,7.84,734194.0,176095.0,21704.0,,,6213.0,,
2017-08-22,7.84,737922.0,178752.0,21900.0,,,6282.0,,
2017-08-23,7.74,741774.0,179308.0,21812.0,,,6263.0,,
2017-08-24,7.67,744352.0,180520.0,21783.0,,,6271.0,,
2017-08-25,7.64,741041.0,180736.0,21814.0,,,6266.0,,
2017-08-28,7.63,740997.0,183221.0,21808.0,,,6302.0,,
2017-08-29,7.59,746532.0,184061.0,21865.0,,,6360.0,,
2017-08-30,7.57,747988.0,184169.0,21892.0,,,6368.0,,
2017-08-31,7.57,746639.0,184335.0,21948.0,,,6429.0,,
2017-09-01,7.62,745654.0,184951.0,21988.0,0.0,7.75,6435.0,7.53,7.39
2017-09-04,7.64,749281.0,185831.0,,,,,,
2017-09-05,7.62,747662.0,186217.0,21753.0,,,6376.0,,
2017-09-06,7.48,746714.0,188337.0,21808.0,,,6393.0,,
2017-09-08,7.44,746234.0,188659.0,21798.0,,,6360.0,,
2017-09-11,7.49,741315.0,190738.0,22057.0,,,6432.0,,
2017-09-12,7.45,746594.0,190907.0,22119.0,,,6454.0,,
2017-09-13,7.42,750519.0,191414.0,22158.0,,,6460.0,,
2017-09-14,7.37,744545.0,191594.0,22203.0,,,6429.0,,
2017-09-15,7.36,746897.0,195786.0,22268.0,,,6448.0,,
2017-09-18,7.3,747156.0,196380.0,22331.0,,,6455.0,,
2017-09-19,7.25,752778.0,196452.0,22371.0,,,6461.0,,
2017-09-20,7.24,748257.0,196653.0,22413.0,,,6456.0,,
2017-09-21,7.17,750284.0,196217.0,22359.0,,,6423.0,,
2017-09-22,7.16,752542.0,196511.0,22350.0,,,6427.0,,
2017-09-25,7.17,749022.0,194458.0,22296.0,,,6371.0,,
2017-09-26,7.13,751376.0,194456.0,22284.0,,,6380.0,,
2017-09-27,7.17,754891.0,193516.0,22341.0,,,6453.0,,
2017-09-28,7.15,754143.0,194163.0,22381.0,,,6453.0,,
2017-09-29,7.12,755378.0,195706.0,22405.0,,,6453.0,,
2017-10-01,,,,,0.0,7.22,,7.13,7.06
2017-10-02,7.1,755314.0,196051.0,22558.0,,,6517.0,,
2017-10-03,7.15,761383.0,200307.0,22642.0,,,6532.0,,
2017-10-04,7.16,762508.0,200510.0,22662.0,,,6535.0,,
2017-10-05,7.18,760449.0,200991.0,22775.0,,,6535.0,,
2017-10-06,7.17,760790.0,200492.0,22774.0,,,6590.0,,
2017-10-09,7.18,757274.0,200047.0,22761.0,,,6580.0,,
2017-10-10,7.15,754994.0,202059.0,22831.0,,,6587.0,,
2017-10-11,7.13,757250.0,201797.0,22873.0,,,6604.0,,
2017-10-13,7.11,756880.0,202323.0,22872.0,,,6614.0,,
2017-10-16,7.14,752901.0,201809.0,22957.0,,,6624.0,,
2017-10-17,7.12,757748.0,200641.0,22997.0,,,6618.0,,
2017-10-18,7.11,759201.0,202008.0,23158.0,,,6624.0,,
2017-10-19,7.08,759541.0,201853.0,23163.0,,,6605.0,,
2017-10-20,7.1,748466.0,202408.0,23329.0,,,6629.0,,
2017-10-23,7.11,749359.0,200811.0,23274.0,,,6587.0,,
2017-10-24,7.13,753946.0,202560.0,23442.0,,,6598.0,,
2017-10-25,7.1,755766.0,203067.0,23329.0,,,6564.0,,
2017-10-26,7.21,756964.0,201867.0,23401.0,,,6557.0,,
2017-10-27,7.15,757575.0,202288.0,23434.0,,,6701.0,,
2017-10-30,7.18,755540.0,200174.0,23349.0,,,6699.0,,
2017-10-31,7.14,757465.0,199672.0,23377.0,,,6728.0,,
2017-11-01,7.14,760971.0,199086.0,23435.0,0.0,6.96,6717.0,6.91,6.87
2017-11-03,7.16,762656.0,198568.0,23539.0,,,6764.0,,
2017-11-06,7.17,760720.0,199247.0,23548.0,,,6786.0,,
2017-11-07,7.17,761775.0,196171.0,23557.0,,,6768.0,,
2017-11-08,7.1,763023.0,199504.0,23563.0,,,6789.0,,
2017-11-09,7.12,762524.0,197956.0,23462.0,,,6750.0,,
2017-11-10,7.12,761537.0,196421.0,23422.0,,,6751.0,,
2017-11-13,7.13,761241.0,198196.0,23440.0,,,6758.0,,
2017-11-14,7.14,763705.0,195786.0,23409.0,,,6738.0,,
2017-11-16,7.14,758414.0,198805.0,23458.0,,,6793.0,,
2017-11-17,7.09,759825.0,205668.0,23358.0,,,6783.0,,
2017-11-20,,754355.0,205763.0,23430.0,,,6791.0,,
2017-11-21,7.08,759227.0,207944.0,23591.0,,,6862.0,,
2017-11-22,7.08,762747.0,208181.0,23526.0,,,6867.0,,
2017-11-23,7.02,764370.0,208704.0,,,,,,
2017-11-24,7.02,761421.0,208676.0,23558.0,,,6889.0,,
2017-11-27,7.0,762990.0,208952.0,23581.0,,,6879.0,,
2017-11-28,6.99,758392.0,209179.0,23837.0,,,6912.0,,
2017-11-29,7.04,759397.0,206744.0,23941.0,,,6824.0,,
2017-11-30,7.02,759194.0,204317.0,24272.0,,,6874.0,,
2017-12-01,7.0,760548.0,206726.0,24251.0,0.0,6.83,6858.0,6.77,6.73
2017-12-04,6.99,761975.0,208180.0,24290.0,,,6775.0,,
2017-12-05,6.96,751042.0,206419.0,24181.0,,,6762.0,,
2017-12-06,6.96,754833.0,208666.0,24141.0,,,6776.0,,
2017-12-07,6.98,755970.0,208892.0,24211.0,,,6813.0,,
2017-12-08,6.94,751718.0,209532.0,24294.0,,,6861.0,,
2017-12-11,6.93,747273.0,209698.0,24386.0,,,6875.0,,
2017-12-12,6.92,752779.0,211172.0,24505.0,,,6862.0,,
2017-12-13,6.89,754211.0,210526.0,24585.0,,,6876.0,,
2017-12-14,6.88,754008.0,210380.0,24509.0,,,6857.0,,
2017-12-15,6.88,748800.0,213582.0,24652.0,,,6937.0,,
2017-12-18,6.88,748430.0,215498.0,24792.0,,,6995.0,,
2017-12-19,6.88,752470.0,214915.0,24755.0,,,6964.0,,
2017-12-20,6.86,737919.0,217515.0,24727.0,,,6961.0,,
2017-12-21,6.88,738973.0,220980.0,24782.0,,,6965.0,,
2017-12-22,6.87,738291.0,222747.0,24754.0,,,6960.0,,
2017-12-26,6.85,738268.0,225412.0,24746.0,,,6936.0,,
2017-12-27,6.87,741507.0,228355.0,24774.0,,,6939.0,,
2017-12-28,6.86,745382.0,230248.0,24838.0,,,6950.0,,
2017-12-29,6.86,749072.0,232462.0,24719.0,,,6903.0,,
2018-01-01,,,,,0.0,6.67,,6.64,6.61
2018-01-02,6.8,747379.0,235365.0,24824.0,,,7007.0,,
2018-01-03,6.77,750486.0,235400.0,24923.0,,,7066.0,,
2018-01-04,6.77,753324.0,236475.0,25075.0,,,7078.0,,
2018-01-05,6.79,748940.0,237545.0,25296.0,,,7137.0,,
2018-01-08,6.81,747759.0,238486.0,25283.0,,,7157.0,,
2018-01-09,6.82,748932.0,237524.0,25386.0,,,7164.0,,
2018-01-10,6.88,745095.0,236318.0,25369.0,,,7154.0,,
2018-01-11,6.9,753030.0,238759.0,25575.0,,,7212.0,,
2018-01-12,6.94,751243.0,238972.0,25803.0,,,7261.0,,
2018-01-15,6.92,744707.0,242036.0,,,,,,
2018-01-16,6.93,750065.0,242118.0,25793.0,,,7224.0,,
2018-01-17,6.94,750224.0,244424.0,26116.0,,,7298.0,,
2018-01-18,6.95,766668.0,244104.0,26018.0,,,7296.0,,
2018-01-19,6.95,743574.0,244759.0,26072.0,,,7336.0,,
2018-01-22,6.97,737746.0,250840.0,26215.0,,,7408.0,,
2018-01-23,6.95,746627.0,248788.0,26211.0,,,7460.0,,
2018-01-24,6.88,749663.0,254986.0,26252.0,,,7415.0,,
2018-01-25,,744747.0,255107.0,26393.0,,,7411.0,,
2018-01-26,6.84,743100.0,259150.0,26617.0,,,7506.0,,
2018-01-29,6.86,743480.0,257723.0,26439.0,,,7467.0,,
2018-01-30,6.89,746270.0,256656.0,26077.0,,,7402.0,,
2018-01-31,6.89,746030.0,258042.0,26149.0,,,7411.0,,
2018-02-01,6.89,748574.0,259732.0,26187.0,0.0,6.55,7386.0,6.54,6.52
2018-02-02,6.92,750508.0,256682.0,25861.0,,,7318.0,,
2018-02-05,6.92,746949.0,252408.0,24346.0,,,6968.0,,
2018-02-06,6.94,751226.0,255660.0,24913.0,,,7116.0,,
2018-02-07,6.92,751865.0,254251.0,24893.0,,,7052.0,,
2018-02-08,6.85,751914.0,251811.0,23860.0,,,6777.0,,
2018-02-09,6.83,752413.0,250459.0,24191.0,,,6874.0,,
2018-02-12,,,,24601.0,,,6982.0,,
2018-02-13,,,,24640.0,,,7014.0,,
2018-02-14,6.81,748312.0,255841.0,24893.0,,,7144.0,,
2018-02-15,6.77,753536.0,257187.0,25200.0,,,7256.0,,
2018-02-16,6.72,757983.0,258078.0,25219.0,,,7239.0,,
2018-02-19,6.69,757744.0,258626.0,,,,,,
2018-02-20,6.68,751466.0,260501.0,24965.0,,,7234.0,,
2018-02-21,6.66,753508.0,261273.0,24798.0,,,7218.0,,
2018-02-22,6.69,756029.0,262859.0,24962.0,,,7210.0,,
2018-02-23,6.67,750122.0,264281.0,25310.0,,,7337.0,,
2018-02-26,6.69,749164.0,265242.0,25709.0,,,7421.0,,
2018-02-27,6.7,753088.0,264310.0,25410.0,,,7330.0,,
2018-02-28,6.67,754758.0,262107.0,25029.0,,,7273.0,,
2018-03-01,6.67,758564.0,262157.0,24609.0,0.0,6.35,7181.0,6.3,6.26
2018-03-02,6.6,760080.0,264380.0,24538.0,,,7258.0,,
2018-03-05,6.56,755968.0,265376.0,24875.0,,,7331.0,,
2018-03-06,6.56,759177.0,264727.0,24884.0,,,7372.0,,
2018-03-07,6.54,762314.0,264549.0,24801.0,,,7397.0,,
2018-03-08,6.54,763932.0,264537.0,24895.0,,,7428.0,,
2018-03-09,6.54,762435.0,267562.0,25336.0,,,7561.0,,
2018-03-12,6.54,759962.0,268598.0,25179.0,,,7588.0,,
2018-03-13,6.56,765940.0,268108.0,25007.0,,,7511.0,,
2018-03-14,6.59,767851.0,267091.0,24758.0,,,7497.0,,
2018-03-15,6.61,762328.0,265339.0,24874.0,,,7482.0,,
2018-03-16,6.58,764800.0,265381.0,24947.0,,,7482.0,,
2018-03-19,6.56,763593.0,263491.0,24611.0,,,7344.0,,
2018-03-20,6.57,756011.0,263983.0,24727.0,,,7364.0,,
2018-03-21,6.58,759981.0,265756.0,24682.0,,,7345.0,,
2018-03-22,6.34,763519.0,265828.0,23958.0,,,7167.0,,
2018-03-23,6.34,760150.0,264825.0,23533.0,,,6993.0,,
2018-03-26,6.3,760268.0,266934.0,24203.0,,,7221.0,,
2018-03-27,6.32,765738.0,264459.0,23858.0,,,7009.0,,
2018-03-28,6.32,770951.0,263687.0,23848.0,,,6949.0,,
2018-03-29,6.29,783397.0,267402.0,24103.0,,,7063.0,,
2018-04-01,,,,,0.0,6.24,,6.24,6.21
2018-04-02,6.3,783159.0,265397.0,23644.0,,,6870.0,,
2018-04-03,6.32,789801.0,265114.0,24033.0,,,6941.0,,
2018-04-04,6.34,792439.0,264682.0,24264.0,,,7042.0,,
2018-04-05,6.33,790088.0,267037.0,24505.0,,,7077.0,,
2018-04-06,6.34,789778.0,266549.0,23933.0,,,6915.0,,
2018-04-09,6.38,786084.0,263593.0,23979.0,,,6950.0,,
2018-04-10,6.38,787489.0,265738.0,24408.0,,,7094.0,,
2018-04-11,6.37,792323.0,266699.0,24189.0,,,7069.0,,
2018-04-12,6.33,793960.0,267875.0,24483.0,,,7140.0,,
2018-04-13,6.32,797381.0,265862.0,24360.0,,,7107.0,,
2018-04-16,6.33,790299.0,262765.0,24573.0,,,7156.0,,
2018-04-17,6.34,795404.0,265625.0,24787.0,,,7281.0,,
2018-04-18,6.33,799789.0,269101.0,24748.0,,,7295.0,,
2018-04-19,6.36,796146.0,267948.0,24665.0,,,7238.0,,
2018-04-20,6.34,790806.0,265968.0,24463.0,,,7146.0,,
2018-04-23,6.36,790147.0,269378.0,24449.0,,,7129.0,,
2018-04-24,6.36,795555.0,268634.0,24024.0,,,7007.0,,
2018-04-25,6.39,791085.0,268345.0,24084.0,,,7004.0,,
2018-04-26,6.38,791726.0,270945.0,24322.0,,,7119.0,,
2018-04-27,6.34,792644.0,271450.0,24311.0,,,7120.0,,
2018-04-30,6.38,786188.0,280424.0,24163.0,,,7066.0,,
2018-05-01,,,,,0.0,6.45,,6.53,6.59
2018-05-02,6.41,794827.0,277823.0,23925.0,,,7101.0,,
2018-05-03,6.45,801341.0,275497.0,23930.0,,,7088.0,,
2018-05-04,6.46,802106.0,275158.0,24263.0,,,7210.0,,
2018-05-07,6.49,797752.0,274664.0,24357.0,,,7265.0,,
2018-05-08,6.58,801601.0,274572.0,24360.0,,,7267.0,,
2018-05-09,6.57,802173.0,277287.0,24543.0,,,7340.0,,
2018-05-10,6.52,799899.0,280503.0,24740.0,,,7405.0,,
2018-05-11,6.56,803482.0,279502.0,24831.0,,,7403.0,,
2018-05-14,6.66,804109.0,277895.0,24899.0,,,7411.0,,
2018-05-15,6.64,805279.0,277776.0,24706.0,,,7352.0,,
2018-05-16,6.61,807937.0,280513.0,24769.0,,,7398.0,,
2018-05-17,6.95,802153.0,274506.0,24714.0,,,7382.0,,
2018-05-18,7.03,796410.0,273096.0,24715.0,,,7354.0,,
2018-05-21,7.04,787780.0,270378.0,25013.0,,,7394.0,,
2018-05-22,6.96,792158.0,273714.0,24834.0,,,7378.0,,
2018-05-23,6.85,793997.0,270414.0,24887.0,,,7426.0,,
2018-05-24,6.95,795740.0,268945.0,24812.0,,,7424.0,,
2018-05-25,7.01,792486.0,266113.0,24753.0,,,7434.0,,
2018-05-28,7.14,793529.0,258173.0,,,,,,
2018-05-29,7.19,799926.0,259710.0,24361.0,,,7397.0,,
2018-05-30,7.22,803108.0,262380.0,24668.0,,,7462.0,,
2018-05-31,,,,24416.0,,,7442.0,,
2018-06-01,7.14,807372.0,264270.0,24635.0,0.0,6.52,7554.0,6.51,6.58
2018-06-04,7.08,808183.0,268079.0,24814.0,,,7606.0,,
2018-06-05,7.34,813180.0,263892.0,24800.0,,,7638.0,,
2018-06-06,7.46,820325.0,261812.0,25146.0,,,7689.0,,
2018-06-07,8.27,818619.0,255472.0,25241.0,,,7635.0,,
2018-06-08,8.03,818837.0,253328.0,25317.0,,,7646.0,,
2018-06-11,7.93,815349.0,251985.0,25322.0,,,7660.0,,
2018-06-12,7.93,822384.0,252741.0,25321.0,,,7704.0,,
2018-06-13,8.09,825900.0,251930.0,25201.0,,,7696.0,,
2018-06-14,8.51,825750.0,250855.0,25175.0,,,7761.0,,
2018-06-15,8.17,822324.0,248168.0,25090.0,,,7746.0,,
2018-06-18,8.07,821032.0,245735.0,24987.0,,,7747.0,,
2018-06-19,7.84,826698.0,249310.0,24700.0,,,7726.0,,
2018-06-20,7.9,817114.0,250498.0,24658.0,,,7782.0,,
2018-06-21,7.91,819730.0,245849.0,24462.0,,,7713.0,,
2018-06-22,7.92,823285.0,247400.0,24581.0,,,7693.0,,
2018-06-25,7.83,816218.0,248198.0,24253.0,,,7532.0,,
2018-06-26,7.72,820314.0,249449.0,24283.0,,,7562.0,,
2018-06-27,7.81,824443.0,247184.0,24118.0,,,7445.0,,
2018-06-28,7.61,828422.0,249465.0,24216.0,,,7504.0,,
2018-06-29,7.58,838849.0,250972.0,24271.0,,,7510.0,,
2018-07-01,,,,,0.0,6.43,,6.47,6.52
2018-07-02,7.56,836867.0,251420.0,24307.0,,,7568.0,,
2018-07-03,7.66,841755.0,252943.0,24175.0,,,7503.0,,
2018-07-04,7.68,842656.0,255520.0,,,,,,
2018-07-05,7.78,839305.0,254266.0,24357.0,,,7586.0,,
2018-07-06,7.59,842507.0,255089.0,24456.0,,,7688.0,,
2018-07-09,,839998.0,255190.0,24777.0,,,7756.0,,
2018-07-10,7.54,837126.0,254723.0,24920.0,,,7759.0,,
2018-07-11,7.61,840870.0,253900.0,24700.0,,,7717.0,,
2018-07-12,7.71,841065.0,256864.0,24925.0,,,7824.0,,
2018-07-13,7.62,842902.0,258805.0,25019.0,,,7826.0,,
2018-07-16,7.59,836211.0,258718.0,25064.0,,,7806.0,,
2018-07-17,7.5,841060.0,261617.0,25120.0,,,7855.0,,
2018-07-18,7.56,843299.0,260291.0,25199.0,,,7854.0,,
2018-07-19,7.56,842658.0,260291.0,25064.0,,,7825.0,,
2018-07-20,7.51,831398.0,262971.0,25058.0,,,7820.0,,
2018-07-23,7.57,832586.0,261491.0,25044.0,,,7842.0,,
2018-07-24,7.53,836854.0,264021.0,25242.0,,,7841.0,,
2018-07-25,7.41,831574.0,266069.0,25414.0,,,7932.0,,
2018-07-26,7.4,832539.0,263766.0,25527.0,,,7852.0,,
2018-07-27,7.39,835171.0,263948.0,25451.0,,,7737.0,,
2018-07-30,7.41,834321.0,264483.0,25307.0,,,7630.0,,
2018-07-31,7.4,834233.0,262941.0,25415.0,,,7672.0,,
2018-08-01,7.37,836497.0,263850.0,25334.0,0.0,6.53,7707.0,6.73,6.9
2018-08-02,7.4,834743.0,264035.0,25326.0,,,7803.0,,
2018-08-03,7.38,832199.0,267593.0,25463.0,,,7812.0,,
2018-08-06,7.39,828281.0,267042.0,25502.0,,,7860.0,,
2018-08-07,7.46,832423.0,265632.0,25629.0,,,7884.0,,
2018-08-08,7.46,833746.0,263150.0,25584.0,,,7888.0,,
2018-08-09,7.57,833240.0,261703.0,25509.0,,,7892.0,,
2018-08-10,7.86,830559.0,256656.0,25313.0,,,7839.0,,
2018-08-13,7.9,834071.0,258373.0,25188.0,,,7820.0,,
2018-08-14,7.67,840690.0,262371.0,25300.0,,,7871.0,,
2018-08-15,7.69,839732.0,258871.0,25162.0,,,7774.0,,
2018-08-16,7.7,842867.0,258712.0,25559.0,,,7807.0,,
2018-08-17,7.68,843697.0,257734.0,25669.0,,,7816.0,,
2018-08-20,7.77,831483.0,258589.0,25759.0,,,7821.0,,
2018-08-21,7.98,837186.0,255461.0,25822.0,,,7859.0,,
2018-08-22,7.91,840022.0,258850.0,25734.0,,,7889.0,,
2018-08-23,8.05,842187.0,256332.0,25657.0,,,7878.0,,
2018-08-24,8.0,840853.0,257455.0,25790.0,,,7946.0,,
2018-08-27,7.98,839201.0,260838.0,26050.0,,,8018.0,,
2018-08-28,8.04,844964.0,260304.0,26064.0,,,8030.0,,
2018-08-29,7.99,848245.0,264309.0,26125.0,,,8110.0,,
2018-08-30,8.31,851499.0,260128.0,25987.0,,,8088.0,,
2018-08-31,8.19,852844.0,260216.0,25965.0,,,8110.0,,
2018-09-01,,,,,0.0,6.52,,6.68,6.84
2018-09-03,8.28,854782.0,259490.0,,,,,,
2018-09-04,8.33,860072.0,256364.0,25952.0,,,8091.0,,
2018-09-05,8.3,858951.0,257170.0,25975.0,,,7995.0,,
2018-09-06,8.19,859709.0,259462.0,25996.0,,,7923.0,,
2018-09-07,,,,25917.0,,,7903.0,,
2018-09-10,8.17,853443.0,251650.0,25857.0,,,7924.0,,
2018-09-11,8.09,864857.0,248095.0,25971.0,,,7972.0,,
2018-09-12,8.0,867038.0,248380.0,25999.0,,,7954.0,,
2018-09-13,8.18,868745.0,247115.0,26146.0,,,8014.0,,
2018-09-14,8.16,871290.0,242564.0,26155.0,,,8010.0,,
2018-09-17,8.05,866561.0,251194.0,26062.0,,,7896.0,,
2018-09-18,8.05,872200.0,253863.0,26247.0,,,7956.0,,
2018-09-19,8.1,872685.0,253371.0,26406.0,,,7950.0,,
2018-09-20,8.07,862790.0,253198.0,26657.0,,,8028.0,,
2018-09-21,7.99,865038.0,255996.0,26744.0,,,7987.0,,
2018-09-24,8.04,867733.0,253274.0,26562.0,,,7993.0,,
2018-09-25,8.05,868373.0,254148.0,26492.0,,,8007.0,,
2018-09-26,8.0,868311.0,253948.0,26385.0,,,7990.0,,
2018-09-27,7.9,871788.0,257204.0,26440.0,,,8042.0,,
2018-09-28,7.95,872057.0,268586.0,26458.0,,,8046.0,,
2018-10-01,7.87,874304.0,266402.0,26651.0,0.0,6.43,8037.0,6.44,6.46
2018-10-02,7.83,882991.0,272259.0,26774.0,,,8000.0,,
2018-10-03,7.84,883202.0,276242.0,26828.0,,,8025.0,,
2018-10-04,7.83,875357.0,275596.0,26627.0,,,7880.0,,
2018-10-05,7.91,887792.0,274861.0,26447.0,,,7788.0,,
2018-10-08,7.56,879574.0,293429.0,26487.0,,,7736.0,,
2018-10-09,7.35,880526.0,294628.0,26431.0,,,7738.0,,
2018-10-10,7.42,877848.0,288922.0,25599.0,,,7422.0,,
2018-10-11,7.37,881141.0,287331.0,25053.0,,,7329.0,,
2018-10-12,,,,25340.0,,,7497.0,,
2018-10-15,7.31,873210.0,288097.0,25251.0,,,7431.0,,
2018-10-16,7.25,881171.0,293873.0,25798.0,,,7645.0,,
2018-10-17,7.27,882102.0,294790.0,25707.0,,,7643.0,,
2018-10-18,7.31,882170.0,291768.0,25379.0,,,7485.0,,
2018-10-19,7.31,874406.0,293548.0,25444.0,,,7449.0,,
2018-10-22,7.22,863446.0,296837.0,25317.0,,,7469.0,,
2018-10-23,7.18,875811.0,296666.0,25191.0,,,7438.0,,
2018-10-24,7.19,877019.0,292468.0,24583.0,,,7108.0,,
2018-10-25,7.25,874933.0,295437.0,24985.0,,,7318.0,,
2018-10-26,7.17,878631.0,298473.0,24688.0,,,7167.0,,
2018-10-29,7.1,871647.0,294432.0,24443.0,,,7050.0,,
2018-10-30,7.02,883427.0,301406.0,24875.0,,,7162.0,,
2018-10-31,7.0,882315.0,304859.0,25116.0,,,7306.0,,
2018-11-01,7.0,880050.0,307246.0,25381.0,0.0,6.43,7434.0,6.44,6.47
2018-11-02,,,,25271.0,,,7357.0,,
2018-11-05,6.98,874429.0,309938.0,25462.0,,,7329.0,,
2018-11-06,7.0,881017.0,308399.0,25635.0,,,7376.0,,
2018-11-07,7.0,881097.0,306207.0,26180.0,,,7571.0,,
2018-11-08,7.03,882676.0,302002.0,26191.0,,,7531.0,,
2018-11-09,6.99,882139.0,302489.0,25989.0,,,7407.0,,
2018-11-12,6.96,876751.0,302081.0,25387.0,,,7201.0,,
2018-11-13,6.94,881648.0,300977.0,25286.0,,,7201.0,,
2018-11-14,6.88,879415.0,304621.0,25080.0,,,7136.0,,
2018-11-15,,,,25289.0,,,7259.0,,
2018-11-16,6.78,877883.0,310822.0,25413.0,,,7248.0,,
2018-11-19,6.85,873560.0,310573.0,25017.0,,,7028.0,,
2018-11-20,,870371.0,310336.0,24466.0,,,6909.0,,
2018-11-21,6.82,876360.0,309004.0,24465.0,,,6972.0,,
2018-11-22,6.88,877846.0,310227.0,,,,,,
2018-11-23,6.83,874965.0,308428.0,24286.0,,,6939.0,,
2018-11-26,6.89,874793.0,307076.0,24640.0,,,7082.0,,
2018-11-27,6.94,881332.0,312232.0,24749.0,,,7083.0,,
2018-11-28,6.86,884184.0,315218.0,25366.0,,,7292.0,,
2018-11-29,6.9,882383.0,316124.0,25339.0,,,7273.0,,
2018-11-30,6.91,883992.0,317007.0,25538.0,,,7331.0,,
2018-12-01,,,,,0.0,6.41,,6.43,6.44
2018-12-03,6.88,886585.0,319418.0,25826.0,,,7442.0,,
2018-12-04,6.92,894483.0,317056.0,25027.0,,,7158.0,,
2018-12-05,6.88,893725.0,318332.0,,,,,,
2018-12-06,6.81,897756.0,318292.0,24948.0,,,7188.0,,
2018-12-07,6.74,897391.0,317345.0,24389.0,,,6969.0,,
2018-12-10,6.72,890221.0,312702.0,24423.0,,,7021.0,,
2018-12-11,6.7,890661.0,314414.0,24370.0,,,7032.0,,
2018-12-12,6.69,899363.0,316580.0,24527.0,,,7098.0,,
2018-12-13,6.59,901284.0,318044.0,24597.0,,,7070.0,,
2018-12-14,6.57,903982.0,318238.0,24101.0,,,6911.0,,
2018-12-17,6.58,896476.0,315111.0,23593.0,,,6754.0,,
2018-12-18,6.63,901093.0,316208.0,23676.0,,,6784.0,,
2018-12-19,6.59,901692.0,314594.0,23324.0,,,6637.0,,
2018-12-20,6.57,892004.0,315129.0,22860.0,,,6528.0,,
2018-12-21,6.58,896346.0,316711.0,22445.0,,,6333.0,,
2018-12-24,,899979.0,319205.0,21792.0,,,6193.0,,
2018-12-26,6.6,900958.0,318250.0,22878.0,,,6554.0,,
2018-12-27,6.56,909068.0,320094.0,23139.0,,,6579.0,,
2018-12-28,6.54,908453.0,326352.0,23062.0,,,6585.0,,
2018-12-31,,911518.0,324363.0,23327.0,,,6635.0,,
2019-01-01,,,,,0.0,6.4,,6.4,6.4
2019-01-02,6.45,917256.0,331330.0,23346.0,,,6666.0,,
2019-01-03,6.49,920732.0,332601.0,22686.0,,,6464.0,,
2019-01-04,6.52,922389.0,333438.0,23433.0,,,6739.0,,
2019-01-07,6.58,913546.0,334009.0,23531.0,,,6823.0,,
2019-01-08,6.58,918948.0,334576.0,23787.0,,,6897.0,,
2019-01-09,6.59,917278.0,338545.0,23879.0,,,6957.0,,
2019-01-10,6.66,913521.0,339809.0,24002.0,,,6986.0,,
2019-01-11,6.64,908890.0,340160.0,23996.0,,,6971.0,,
2019-01-14,6.59,910101.0,342475.0,23910.0,,,6906.0,,
2019-01-15,6.62,907767.0,341449.0,24066.0,,,7024.0,,
2019-01-16,6.62,913328.0,342483.0,24207.0,,,7035.0,,
2019-01-17,6.57,909953.0,345660.0,24370.0,,,7084.0,,
2019-01-18,6.56,902230.0,346310.0,24706.0,,,7157.0,,
2019-01-21,6.57,895780.0,347062.0,,,,,,
2019-01-22,6.5,900528.0,345135.0,24404.0,,,7020.0,,
2019-01-23,6.48,901066.0,349249.0,24576.0,,,7026.0,,
2019-01-24,6.5,897208.0,352822.0,24553.0,,,7073.0,,
2019-01-25,,894854.0,352994.0,24737.0,,,7165.0,,
2019-01-28,6.51,894158.0,348035.0,24528.0,,,7086.0,,
2019-01-29,6.49,897327.0,349410.0,24580.0,,,7028.0,,
2019-01-30,6.5,897126.0,353277.0,25015.0,,,7183.0,,
2019-01-31,6.42,870567.0,350600.0,25000.0,,,7282.0,,
2019-02-01,6.39,892305.0,351824.0,25064.0,0.0,6.41,7264.0,6.42,6.41
2019-02-04,6.41,890957.0,355984.0,25239.0,,,7348.0,,
2019-02-05,6.41,875805.0,356566.0,25412.0,,,7402.0,,
2019-02-06,6.4,751226.0,348537.0,25390.0,,,7375.0,,
2019-02-07,6.51,891006.0,347121.0,25170.0,,,7288.0,,
2019-02-08,6.57,897902.0,349494.0,25106.0,,,7298.0,,
2019-02-11,6.56,883672.0,347432.0,25053.0,,,7308.0,,
2019-02-12,6.54,889144.0,352299.0,25426.0,,,7415.0,,
2019-02-13,6.46,893931.0,352100.0,25543.0,,,7420.0,,
2019-02-14,6.45,894286.0,357181.0,25439.0,,,7427.0,,
2019-02-15,6.39,887779.0,356509.0,25883.0,,,7472.0,,
2019-02-18,6.42,888164.0,355083.0,,,,,,
2019-02-19,6.41,891309.0,357585.0,25891.0,,,7487.0,,
2019-02-20,6.45,881581.0,355168.0,25954.0,,,7489.0,,
2019-02-21,6.47,882537.0,355915.0,25851.0,,,7460.0,,
2019-02-22,6.48,884069.0,358877.0,26032.0,,,7528.0,,
2019-02-25,6.51,879271.0,357833.0,26092.0,,,7554.0,,
2019-02-26,6.53,886325.0,358459.0,26058.0,,,7549.0,,
2019-02-27,6.5,887758.0,358447.0,25985.0,,,7555.0,,
2019-02-28,6.54,887500.0,352673.0,25916.0,,,7533.0,,
2019-03-01,6.54,891297.0,348501.0,26026.0,0.0,6.42,7595.0,6.43,6.44
2019-03-04,,,,25820.0,,,7578.0,,
2019-03-05,,,,25807.0,,,7576.0,,
2019-03-06,6.56,885868.0,349519.0,25673.0,,,7506.0,,
2019-03-07,6.56,891487.0,348943.0,25473.0,,,7421.0,,
2019-03-08,6.52,894223.0,352790.0,25450.0,,,7408.0,,
2019-03-11,6.5,888235.0,353346.0,25651.0,,,7558.0,,
2019-03-12,6.47,895459.0,352863.0,25555.0,,,7591.0,,
2019-03-13,6.39,899048.0,355116.0,25703.0,,,7643.0,,
2019-03-14,6.44,898879.0,354644.0,25710.0,,,7631.0,,
2019-03-15,6.43,896048.0,355810.0,25849.0,,,7689.0,,
2019-03-18,6.4,896049.0,363891.0,25914.0,,,7714.0,,
2019-03-19,6.4,900926.0,364443.0,25887.0,,,7724.0,,
2019-03-20,6.37,890346.0,361308.0,25746.0,,,7729.0,,
2019-03-21,6.4,891568.0,357845.0,25963.0,,,7839.0,,
2019-03-22,6.54,893555.0,349792.0,25502.0,,,7643.0,,
2019-03-25,6.52,889341.0,349902.0,25517.0,,,7638.0,,
2019-03-26,6.53,893071.0,354727.0,25658.0,,,7692.0,,
2019-03-27,6.65,896965.0,345176.0,25626.0,,,7643.0,,
2019-03-28,6.56,900240.0,351169.0,25717.0,,,7669.0,,
2019-03-29,6.58,904990.0,354373.0,25929.0,,,7729.0,,
2019-04-01,6.53,905840.0,355877.0,26258.0,0.0,6.42,7829.0,6.43,6.44
2019-04-02,6.53,911364.0,354820.0,26179.0,,,7849.0,,
2019-04-03,6.57,912690.0,352673.0,26218.0,,,7896.0,,
2019-04-04,6.56,913533.0,356551.0,26385.0,,,7892.0,,
2019-04-05,6.53,910471.0,357937.0,26425.0,,,7939.0,,
2019-04-08,6.53,907993.0,358284.0,26341.0,,,7954.0,,
2019-04-09,6.56,909650.0,355220.0,26151.0,,,7909.0,,
2019-04-10,6.53,908278.0,355296.0,26157.0,,,7964.0,,
2019-04-11,6.56,911577.0,352365.0,26143.0,,,7947.0,,
2019-04-12,6.54,910517.0,347397.0,26412.0,,,7984.0,,
2019-04-15,6.53,905063.0,348130.0,26385.0,,,7976.0,,
2019-04-16,6.53,911165.0,351767.0,26453.0,,,8000.0,,
2019-04-17,6.54,911190.0,349279.0,26450.0,,,7996.0,,
2019-04-18,6.49,904086.0,353582.0,26560.0,,,7998.0,,
2019-04-22,6.48,900147.0,353563.0,26511.0,,,8015.0,,
2019-04-23,6.45,907845.0,357073.0,26656.0,,,8121.0,,
2019-04-24,6.5,909395.0,354950.0,26597.0,,,8102.0,,
2019-04-25,6.52,901572.0,359100.0,26462.0,,,8119.0,,
2019-04-26,6.55,903625.0,353446.0,26543.0,,,8146.0,,
2019-04-29,6.58,901713.0,358384.0,26554.0,,,8162.0,,
2019-04-30,6.57,903680.0,356060.0,26593.0,,,8095.0,,
2019-05-01,,,,26430.0,0.0,6.4,8050.0,6.38,6.36
2019-05-02,6.58,903924.0,358230.0,26308.0,,,8037.0,,
2019-05-03,6.52,908666.0,359412.0,26505.0,,,8164.0,,
2019-05-06,6.5,905253.0,358768.0,26438.0,,,8123.0,,
2019-05-07,6.51,906727.0,357749.0,25965.0,,,7964.0,,
2019-05-08,6.49,908826.0,361137.0,25967.0,,,7943.0,,
2019-05-09,6.5,904917.0,359863.0,25828.0,,,7911.0,,
2019-05-10,6.47,904662.0,359029.0,25942.0,,,7917.0,,
2019-05-13,6.5,907617.0,350221.0,25325.0,,,7647.0,,
2019-05-14,6.46,903249.0,351976.0,25532.0,,,7734.0,,
2019-05-15,6.46,912802.0,351020.0,25648.0,,,7822.0,,
2019-05-16,6.49,913794.0,346868.0,25863.0,,,7898.0,,
2019-05-17,6.58,913954.0,345990.0,25764.0,,,7816.0,,
2019-05-20,6.52,900978.0,351269.0,25680.0,,,7702.0,,
2019-05-21,6.48,906193.0,358263.0,25877.0,,,7786.0,,
2019-05-22,6.46,907149.0,358536.0,25777.0,,,7751.0,,
2019-05-23,6.43,908762.0,357092.0,25490.0,,,7628.0,,
2019-05-24,6.41,903298.0,356825.0,25586.0,,,7637.0,,
2019-05-27,6.4,904433.0,360161.0,,,,,,
2019-05-28,6.32,911558.0,364410.0,25348.0,,,7607.0,,
2019-05-29,6.3,912795.0,365584.0,25126.0,,,7547.0,,
2019-05-30,6.3,917751.0,368421.0,25170.0,,,7568.0,,
2019-05-31,6.28,915897.0,369105.0,24815.0,,,7453.0,,
2019-06-01,,,,,0.0,6.36,,6.28,6.19
2019-06-03,6.24,921022.0,370373.0,24820.0,,,7333.0,,
2019-06-04,6.2,925754.0,371597.0,25332.0,,,7527.0,,
2019-06-05,6.28,923952.0,368281.0,25540.0,,,7575.0,,
2019-06-06,6.24,925778.0,371729.0,25721.0,,,7616.0,,
2019-06-07,6.15,924486.0,374345.0,25984.0,,,7742.0,,
2019-06-10,6.09,916751.0,374084.0,26063.0,,,7823.0,,
2019-06-11,6.07,925385.0,378247.0,26049.0,,,7823.0,,
2019-06-12,6.06,924738.0,376761.0,26005.0,,,7793.0,,
2019-06-13,5.98,926322.0,379483.0,26107.0,,,7837.0,,
2019-06-14,5.92,919866.0,378123.0,26090.0,,,7797.0,,
2019-06-17,5.93,927839.0,377713.0,26113.0,,,7845.0,,
2019-06-18,5.92,933826.0,382136.0,26466.0,,,7954.0,,
2019-06-19,5.94,926918.0,384800.0,26504.0,,,7987.0,,
2019-06-20,,,,26753.0,,,8051.0,,
2019-06-21,5.78,926276.0,390106.0,26719.0,,,8032.0,,
2019-06-24,5.78,928749.0,390390.0,26728.0,,,8026.0,,
2019-06-25,5.88,925056.0,384600.0,26548.0,,,7885.0,,
2019-06-26,5.88,927076.0,386207.0,26537.0,,,7910.0,,
2019-06-27,5.87,932098.0,387857.0,26527.0,,,7968.0,,
2019-06-28,5.8,929856.0,390420.0,26600.0,,,8006.0,,
2019-07-01,5.77,939359.0,391743.0,26717.0,0.0,5.93,8091.0,5.82,5.71
2019-07-02,5.8,940856.0,390506.0,26787.0,,,8109.0,,
2019-07-03,5.77,941423.0,394994.0,26966.0,,,8130.0,,
2019-07-04,5.72,938536.0,400479.0,,,,,,
2019-07-05,5.66,930452.0,402695.0,26922.0,,,8162.0,,
2019-07-08,5.63,941766.0,405531.0,26806.0,,,8098.0,,
2019-07-09,,941400.0,405788.0,26884.0,,,8142.0,,
2019-07-10,5.58,933541.0,410727.0,26860.0,,,8203.0,,
2019-07-11,5.58,940137.0,410140.0,27088.0,,,8196.0,,
2019-07-12,5.56,943263.0,407155.0,27332.0,,,8244.0,,
2019-07-15,5.54,937128.0,405957.0,27359.0,,,8258.0,,
2019-07-16,5.56,942951.0,406771.0,27336.0,,,8223.0,,
2019-07-17,5.56,944891.0,407816.0,27220.0,,,8185.0,,
2019-07-18,5.51,944393.0,410092.0,27223.0,,,8207.0,,
2019-07-19,5.5,939766.0,407309.0,27154.0,,,8146.0,,
2019-07-22,5.46,935083.0,408186.0,27172.0,,,8204.0,,
2019-07-23,5.41,941361.0,407379.0,27349.0,,,8251.0,,
2019-07-24,5.38,942393.0,408020.0,27270.0,,,8322.0,,
2019-07-25,5.42,939522.0,404588.0,27141.0,,,8239.0,,
2019-07-26,5.42,940660.0,406659.0,27192.0,,,8330.0,,
2019-07-29,5.41,940969.0,409481.0,27221.0,,,8293.0,,
2019-07-30,5.39,947025.0,410903.0,27198.0,,,8274.0,,
2019-07-31,5.45,939451.0,409821.0,26864.0,,,8175.0,,
2019-08-01,5.37,941736.0,413051.0,26583.0,0.0,5.63,8111.0,5.5,5.42
2019-08-02,5.38,947043.0,414699.0,26485.0,,,8004.0,,
2019-08-05,5.49,940517.0,407021.0,25718.0,,,7726.0,,
2019-08-06,5.41,944759.0,414163.0,26030.0,,,7833.0,,
2019-08-07,5.37,945783.0,415682.0,26007.0,,,7863.0,,
2019-08-08,5.34,948475.0,422298.0,26378.0,,,8039.0,,
2019-08-09,5.3,948181.0,424318.0,26287.0,,,7959.0,,
2019-08-12,5.32,943905.0,417662.0,25896.0,,,7863.0,,
2019-08-13,5.31,943459.0,422639.0,25710.0,,,7824.0,,
2019-08-14,5.37,952980.0,413989.0,25479.0,,,7774.0,,
2019-08-15,5.36,951593.0,409195.0,25579.0,,,7767.0,,
2019-08-16,5.3,954718.0,412633.0,25886.0,,,7896.0,,
2019-08-19,5.34,949254.0,411314.0,26136.0,,,8003.0,,
2019-08-20,5.33,941814.0,411028.0,25962.0,,,7949.0,,
2019-08-21,5.26,927007.0,418222.0,26203.0,,,8020.0,,
2019-08-22,5.26,940600.0,415163.0,26252.0,,,7991.0,,
2019-08-23,5.31,938504.0,407196.0,25629.0,,,7752.0,,
2019-08-26,5.37,938783.0,401766.0,25899.0,,,7854.0,,
2019-08-27,5.44,943251.0,405492.0,25778.0,,,7827.0,,
2019-08-28,5.48,943119.0,404964.0,26036.0,,,7857.0,,
2019-08-29,5.46,945253.0,412286.0,26362.0,,,7973.0,,
2019-08-30,5.38,945211.0,415705.0,26403.0,,,7963.0,,
2019-09-01,,,,,0.0,,,,
2019-09-02,5.41,945798.0,415723.0,,,,,,
2019-09-03,5.36,953026.0,412245.0,26118.0,,,7874.0,,
2019-09-04,5.3,960317.0,416159.0,26355.0,,,7977.0,,
2019-09-05,5.28,951353.0,418772.0,26728.0,,,8117.0,,
2019-09-06,5.26,960537.0,418689.0,26797.0,,,8103.0,,
2019-09-09,5.23,956521.0,416129.0,26836.0,,,8087.0,,
2019-09-10,5.24,956413.0,416200.0,26909.0,,,8084.0,,
2019-09-11,5.26,961907.0,421059.0,27137.0,,,8170.0,,
2019-09-12,5.22,962160.0,424004.0,27182.0,,,8194.0,,
2019-09-13,5.23,963284.0,422068.0,27220.0,,,8177.0,,
2019-09-16,5.14,960086.0,,27077.0,,,8154.0,,
2019-09-17,5.09,965693.0,,27111.0,,,8186.0,,
2019-09-18,5.1,966933.0,,27147.0,,,8177.0,,
2019-09-19,4.92,965948.0,,27095.0,,,8183.0,,
2019-09-20,4.87,955038.0,,26935.0,,,8118.0,,
2019-09-23,4.91,960369.0,,26950.0,,,8112.0,,
2019-09-24,4.92,964181.0,,26808.0,,,7994.0,,
2019-09-25,4.91,958349.0,,26971.0,,,8077.0,,
2019-09-26,4.87,960006.0,,26891.0,,,8031.0,,
2019-09-27,4.86,963331.0,,26820.0,,,7940.0,,
2019-09-30,4.85,963914.0,,26917.0,,,7999.0,,
2019-10-01,,969370.0,,,0.0,,,,
2019-10-02,,973112.0,,,,,,,
2019-10-03,,971628.0,,,,,,,
2019-10-04,,972023.0,,,,,,,
2019-10-07,,961865.0,,,,,,,
2019-10-08,,963595.0,,,,,,,
2019-10-09,,957947.0,,,,,,,
2019-10-10,,954736.0,,,,,,,
2019-10-11,,960649.0,,,,,,,
2019-10-14,,958509.0,,,,,,,
2019-10-15,,960462.0,,,,,,,
2019-10-16,,965137.0,,,,,,,
2019-10-17,,964278.0,,,,,,,
2019-10-18,,955355.0,,,,,,,
2019-10-21,,950911.0,,,,,,,
2019-10-22,,955033.0,,,,,,,
2019-10-23,,960447.0,,,,,,,
2019-10-24,,969394.0,,,,,,,
2019-10-25,,955483.0,,,,,,,
2019-11-01,,,,,0.0,,,,
2019-11-04,,970257.0,,,,,,,
2019-11-05,,971365.0,,,,,,,
2019-11-06,,976986.0,,,,,,,
2019-11-07,,978071.0,,,,,,,
2019-11-08,,976353.0,,,,,,,
2019-11-11,,968911.0,,,,,,,
2019-11-12,,976132.0,,,,,,,
2019-11-13,,979434.0,,,,,,,
2019-11-14,,974117.0,,,,,,,
2019-11-18,,970193.0,,,,,,,
2019-11-19,,976965.0,,,,,,,
2019-11-20,,970118.0,,,,,,,
2019-11-21,,968741.0,,,,,,,
2019-11-22,,971044.0,,,,,,,
2019-11-25,,964168.0,,,,,,,
2019-11-26,,971765.0,,,,,,,
2019-11-27,,976605.0,,,,,,,
2019-11-28,,977555.0,,,,,,,
2019-11-29,,979022.0,,,,,,,
2019-12-01,,,,,0.0,,,,
2019-12-02,,983869.0,,,,,,,
2019-12-03,,993881.0,,,,,,,
2019-12-04,,988601.0,,,,,,,
2019-12-05,,994024.0,,,,,,,
2019-12-06,,993025.0,,,,,,,
2019-12-09,,992056.0,,,,,,,
2019-12-10,,991422.0,,,,,,,
2019-12-11,,997342.0,,,,,,,
2019-12-12,,998438.0,,,,,,,
2019-12-13,,999880.0,,,,,,,
2019-12-16,,994509.0,,,,,,,
2019-12-17,,999085.0,,,,,,,
2019-12-18,,998798.0,,,,,,,
2019-12-19,,999120.0,,,,,,,
2019-12-20,,989045.0,,,,,,,
2019-12-23,,989358.0,,,,,,,
2019-12-24,,998095.0,,,,,,,
2019-12-26,,992416.0,,,,,,,
2019-12-27,,998812.0,,,,,,,
2019-12-30,,1000416.0,,,,,,,
2019-12-31,,1010762.0,,,,,,,
2020-01-01,,,,,0.0,,,,
2020-01-02,,1012290.0,,,,,,,
2020-01-03,,965833.0,,,,,,,
2020-01-06,,1011884.0,,,,,,,
2020-01-07,,1014032.0,,,,,,,
2020-01-08,,1012278.0,,,,,,,
2020-01-09,,998436.0,,,,,,,
2020-01-10,,1001296.0,,,,,,,
2020-01-13,,999280.0,,,,,,,
2020-01-14,,1006592.0,,,,,,,
2020-01-15,,1001779.0,,,,,,,
2020-01-16,,1004912.0,,,,,,,
2020-01-17,,1004647.0,,,,,,,
2020-01-20,,987324.0,,,,,,,
2020-01-21,,994593.0,,,,,,,
2020-01-22,,995884.0,,,,,,,
2020-01-23,,1000141.0,,,,,,,
2020-01-24,,998391.0,,,,,,,
2020-01-27,,991847.0,,,,,,,
2020-01-28,,999317.0,,,,,,,
2020-01-29,,1001157.0,,,,,,,
2020-01-30,,999702.0,,,,,,,
2020-01-31,,994658.0,,,,,,,
2020-02-01,,,,,0.0,,,,
2020-02-03,,995253.0,,,,,,,
2020-02-04,,998917.0,,,,,,,
2020-02-05,,999636.0,,,,,,,
2020-02-06,,1003239.0,,,,,,,
2020-02-07,,1004756.0,,,,,,,
2020-02-10,,997621.0,,,,,,,
2020-02-11,,1008657.0,,,,,,,
2020-02-12,,1010873.0,,,,,,,
2020-02-13,,1012904.0,,,,,,,
2020-02-14,,1018040.0,,,,,,,
2020-02-17,,973623.0,,,,,,,
2020-02-18,,1017339.0,,,,,,,
2020-02-19,,1019569.0,,,,,,,
2020-02-20,,1006534.0,,,,,,,
2020-02-21,,1004607.0,,,,,,,
2020-02-26,,1000410.0,,,,,,,
2020-02-27,,1009022.0,,,,,,,
2020-02-28,,1012711.0,,,,,,,
2020-03-01,,,,,0.0,,,,
2020-03-02,,1017066.0,,,,,,,
2020-03-03,,1026079.0,,,,,,,
2020-03-04,,1028652.0,,,,,,,
2020-03-05,,1028430.0,,,,,,,
2020-03-06,,1032460.0,,,,,,,
2020-03-09,,1022989.0,,,,,,,
2020-03-10,,1029654.0,,,,,,,
2020-03-11,,1038833.0,,,,,,,
2020-03-12,,1042284.0,,,,,,,
2020-03-13,,1048360.0,,,,,,,
2020-03-16,,1048219.0,,,,,,,
2020-03-17,,1058911.0,,,,,,,
2020-03-18,,1070594.0,,,,,,,
2020-03-19,,1073609.0,,,,,,,
2020-03-20,,1075089.0,,,,,,,
2020-03-23,,1084834.0,,,,,,,
2020-03-24,,1100070.0,,,,,,,
2020-03-25,,1101637.0,,,,,,,
2020-03-26,,1113937.0,,,,,,,
2020-03-27,,1133352.0,,,,,,,
2020-03-30,,1139882.0,,,,,,,
2020-03-31,,1156879.0,,,,,,,
2020-04-01,,1162328.0,,,0.0,,,,
2020-04-02,,1172574.0,,,,,,,
2020-04-03,,1182087.0,,,,,,,
2020-04-06,,1183555.0,,,,,,,
2020-04-07,,1194000.0,,,,,,,
2020-04-08,,1203825.0,,,,,,,
2020-04-09,,1211340.0,,,,,,,
2020-04-13,,1211453.0,,,,,,,
2020-04-14,,1226782.0,,,,,,,
2020-04-15,,1230088.0,,,,,,,
2020-04-16,,1237518.0,,,,,,,
2020-04-17,,1247128.0,,,,,,,
2020-04-20,,1237775.0,,,,,,,
2020-04-22,,1245117.0,,,,,,,
2020-04-23,,1251000.0,,,,,,,
2020-04-24,,1260463.0,,,,,,,
2020-04-27,,1261632.0,,,,,,,
2020-04-28,,1271293.0,,,,,,,
2020-04-29,,1277760.0,,,,,,,
2020-04-30,,1279055.0,,,,,,,
2020-05-01,,,,,0.0,,,,
2020-05-04,,1283818.0,,,,,,,
2020-05-05,,1292432.0,,,,,,,
2020-05-06,,1300085.0,,,,,,,
2020-05-07,,1307252.0,,,,,,,
2020-05-08,,1311772.0,,,,,,,
2020-05-11,,1312150.0,,,,,,,
2020-05-12,,1315535.0,,,,,,,
2020-05-13,,1325294.0,,,,,,,
2020-05-14,,1333109.0,,,,,,,
2020-05-15,,1330589.0,,,,,,,
2020-05-18,,1331324.0,,,,,,,
2020-05-19,,1329494.0,,,,,,,
2020-05-20,,1326020.0,,,,,,,
2020-05-21,,1330746.0,,,,,,,
2020-05-22,,1332655.0,,,,,,,
2020-05-25,,1330627.0,,,,,,,
2020-05-26,,1333779.0,,,,,,,
2020-05-27,,1345042.0,,,,,,,
2020-05-28,,1348894.0,,,,,,,
2020-05-29,,1358299.0,,,,,,,
2020-06-01,,1361244.0,,,0.0,,,,
2020-06-02,,1369038.0,,,,,,,
2020-06-03,,1374277.0,,,,,,,
2020-06-04,,1375899.0,,,,,,,
2020-06-05,,1379519.0,,,,,,,
2020-06-08,,1374602.0,,,,,,,
2020-06-09,,1382786.0,,,,,,,
2020-06-10,,1379211.0,,,,,,,
2020-06-12,,1381362.0,,,,,,,
2020-06-15,,1379923.0,,,,,,,
2020-06-16,,1387578.0,,,,,,,
2020-06-17,,1391455.0,,,,,,,
2020-06-18,,1395119.0,,,,,,,
2020-06-19,,1390155.0,,,,,,,
2020-06-22,,1388722.0,,,,,,,
2020-06-23,,1396140.0,,,,,,,
2020-06-24,,1399267.0,,,,,,,
2020-06-25,,1397590.0,,,,,,,
2020-06-26,,1400035.0,,,,,,,
2020-06-29,,1402791.0,,,,,,,
2020-06-30,,1409084.0,,,,,,,
2020-07-01,,1422947.0,,,0.0,,,,
2020-07-02,,1429272.0,,,,,,,
2020-07-03,,1426971.0,,,,,,,
2020-07-06,,1425029.0,,,,,,,
2020-07-07,,1430520.0,,,,,,,
2020-07-08,,1433989.0,,,,,,,
2020-07-09,,1430025.0,,,,,,,
2020-07-10,,1425614.0,,,,,,,
2020-07-13,,1428245.0,,,,,,,
2020-07-14,,1435784.0,,,,,,,
2020-07-15,,1433438.0,,,,,,,
2020-07-16,,1437354.0,,,,,,,
2020-07-17,,1445296.0,,,,,,,
2020-07-20,,1425778.0,,,,,,,
2020-07-21,,1436826.0,,,,,,,
2020-07-22,,1439598.0,,,,,,,
2020-07-23,,1435665.0,,,,,,,
2020-07-24,,1437910.0,,,,,,,
2020-07-27,,1436132.0,,,,,,,
2020-07-28,,1441696.0,,,,,,,
2020-07-29,,1445606.0,,,,,,,
2020-07-30,,1446201.0,,,,,,,
2020-07-31,,1455396.0,,,,,,,
2020-08-01,,,,,0.0,,,,
2020-08-03,,1455354.0,,,,,,,
2020-08-04,,1462069.0,,,,,,,
2020-08-05,,1462248.0,,,,,,,
2020-08-06,,1466352.0,,,,,,,
2020-08-07,,1463312.0,,,,,,,
2020-08-10,,1455576.0,,,,,,,
2020-08-11,,1465216.0,,,,,,,
2020-08-12,,1468076.0,,,,,,,
2020-08-13,,1998426.0,,,,,,,
2020-08-14,,1469976.0,,,,,,,
2020-08-17,,1460200.0,,,,,,,
2020-08-18,,1468777.0,,,,,,,
2020-08-19,,1470223.0,,,,,,,
2020-08-20,,1455047.0,,,,,,,
2020-08-21,,1463726.0,,,,,,,
2020-08-24,,1464926.0,,,,,,,
2020-08-25,,1458776.0,,,,,,,
2020-08-26,,1466150.0,,,,,,,
2020-08-27,,1470219.0,,,,,,,
2020-08-28,,1470791.0,,,,,,,
2020-08-31,,1471313.0,,,,,,,
2020-09-01,,1482574.0,,,0.0,,,,
2020-09-02,,1487930.0,,,,,,,
2020-09-03,,1486052.0,,,,,,,
2020-09-04,,1485203.0,,,,,,,
2020-09-08,,1483783.0,,,,,,,
2020-09-09,,1493326.0,,,,,,,
2020-09-10,,1489795.0,,,,,,,
2020-09-11,,1495467.0,,,,,,,
2020-09-14,,1492709.0,,,,,,,
2020-09-15,,1491772.0,,,,,,,
2020-09-16,,1495555.0,,,,,,,
2020-09-17,,1496013.0,,,,,,,
2020-09-18,,1490080.0,,,,,,,
2020-09-21,,1483991.0,,,,,,,
2020-09-22,,1492750.0,,,,,,,
2020-09-23,,1496397.0,,,,,,,
2020-09-24,,1502245.0,,,,,,,
2020-09-25,,1493432.0,,,,,,,
2020-09-28,,1498513.0,,,,,,,
2020-09-29,,1510704.0,,,,,,,
2020-09-30,,1521205.0,,,,,,,
2020-10-01,,1529811.0,,,0.0,,,,
2020-10-02,,1540801.0,,,,,,,
2020-10-05,,1531948.0,,,,,,,
2020-10-06,,1544264.0,,,,,,,
2020-10-07,,1549048.0,,,,,,,
2020-10-08,,1554901.0,,,,,,,
2020-10-09,,1552046.0,,,,,,,
2020-10-13,,1544533.0,,,,,,,
2020-10-14,,1559238.0,,,,,,,
2020-10-15,,1558154.0,,,,,,,
2020-10-16,,1560166.0,,,,,,,
2020-10-19,,1558379.0,,,,,,,
2020-10-20,,1544574.0,,,,,,,
2020-10-21,,1537961.0,,,,,,,
2020-10-22,,1556653.0,,,,,,,
2020-10-23,,1551596.0,,,,,,,
2020-10-26,,1548628.0,,,,,,,
2020-10-27,,1556388.0,,,,,,,
2020-10-28,,1559586.0,,,,,,,
2020-10-29,,1562372.0,,,,,,,
2020-10-30,,1557961.0,,,,,,,
2020-11-01,,,,,0.0,,,,
2020-11-03,,1560123.0,,,,,,,
2020-11-04,,1569896.0,,,,,,,
2020-11-05,,1568670.0,,,,,,,
2020-11-06,,1569233.0,,,,,,,
2020-11-09,,1563455.0,,,,,,,
2020-11-10,,1565546.0,,,,,,,
2020-11-11,,1575731.0,,,,,,,
2020-11-12,,1576888.0,,,,,,,
2020-11-13,,1580556.0,,,,,,,
2020-11-16,,1568582.0,,,,,,,
2020-11-17,,1581898.0,,,,,,,
2020-11-18,,1584329.0,,,,,,,
2020-11-19,,1563530.0,,,,,,,
2020-11-20,,1567305.0,,,,,,,
2020-11-23,,1567631.0,,,,,,,
2020-11-24,,1575792.0,,,,,,,
2020-11-25,,1565823.0,,,,,,,
2020-11-26,,1575538.0,,,,,,,
2020-11-27,,1570350.0,,,,,,,
2020-11-30,,1573219.0,,,,,,,
2020-12-01,,1579281.0,,,0.0,,,,
2020-12-02,,1586984.0,,,,,,,
2020-12-03,,1586365.0,,,,,,,
2020-12-04,,1588309.0,,,,,,,
2020-12-07,,1579527.0,,,,,,,
2020-12-08,,1584817.0,,,,,,,
2020-12-09,,1583908.0,,,,,,,
2020-12-10,,1576705.0,,,,,,,
2020-12-11,,1587081.0,,,,,,,
2020-12-14,,1579977.0,,,,,,,
2020-12-15,,1575284.0,,,,,,,
2020-12-16,,1579724.0,,,,,,,
2020-12-17,,1575493.0,,,,,,,
2020-12-18,,1560725.0,,,,,,,
2020-12-21,,1551536.0,,,,,,,
2020-12-22,,1562365.0,,,,,,,
2020-12-23,,1569749.0,,,,,,,
2020-12-24,,1577824.0,,,,,,,
2020-12-28,,1569992.0,,,,,,,
2020-12-29,,1580539.0,,,,,,,
2020-12-30,,1589399.0,,,,,,,
2020-12-31,,1597979.0,,,,,,,
2021-01-01,,,,,0.0,,,,
2021-01-04,,1586044.0,,,,,,,
2021-01-05,,1592026.0,,,,,,,
2021-01-06,,1595756.0,,,,,,,
2021-01-07,,1592122.0,,,,,,,
2021-01-08,,1593142.0,,,,,,,
2021-01-11,,1579462.0,,,,,,,
2021-01-12,,1590166.0,,,,,,,
2021-01-13,,1587238.0,,,,,,,
2021-01-14,,1590879.0,,,,,,,
2021-01-15,,1584047.0,,,,,,,
2021-01-18,,1580457.0,,,,,,,
2021-01-19,,1582908.0,,,,,,,
2021-01-20,,1563883.0,,,,,,,
2021-01-21,,1562153.0,,,,,,,
2021-01-22,,1567063.0,,,,,,,
2021-01-25,,1558294.0,,,,,,,
2021-01-26,,1563749.0,,,,,,,
2021-01-27,,1567555.0,,,,,,,
2021-01-28,,1561336.0,,,,,,,
2021-01-29,,1554551.0,,,,,,,
2021-02-01,,1554766.0,,,0.0,,,,
2021-02-02,,1566588.0,,,,,,,
2021-02-03,,1571548.0,,,,,,,
2021-02-04,,1569607.0,,,,,,,
2021-02-05,,1561632.0,,,,,,,
2021-02-08,,1561179.0,,,,,,,
2021-02-09,,1565705.0,,,,,,,
2021-02-10,,1562554.0,,,,,,,
2021-02-11,,1569522.0,,,,,,,
2021-02-12,,1572036.0,,,,,,,
2021-02-17,,1558040.0,,,,,,,
2021-02-18,,1571168.0,,,,,,,
2021-02-19,,1567648.0,,,,,,,
2021-02-22,,1561793.0,,,,,,,
2021-02-23,,1564507.0,,,,,,,
2021-02-24,,1568311.0,,,,,,,
2021-02-25,,1560801.0,,,,,,,
2021-02-26,,1566173.0,,,,,,,
2021-03-01,,1567667.0,,,0.0,,,,
2021-03-02,,1581964.0,,,,,,,
2021-03-03,,1586249.0,,,,,,,
2021-03-04,,1589085.0,,,,,,,
2021-03-05,,1588345.0,,,,,,,
2021-03-08,,1587281.0,,,,,,,
2021-03-09,,1592793.0,,,,,,,
2021-03-10,,1588389.0,,,,,,,
2021-03-11,,1593421.0,,,,,,,
2021-03-12,,1596725.0,,,,,,,
2021-03-15,,1589163.0,,,,,,,
2021-03-16,,1596902.0,,,,,,,
2021-03-17,,1601762.0,,,,,,,
2021-03-18,,1602788.0,,,,,,,
2021-03-19,,1595549.0,,,,,,,
2021-03-22,,1588380.0,,,,,,,
2021-03-23,,1596752.0,,,,,,,
2021-03-24,,1601581.0,,,,,,,
2021-03-25,,1592524.0,,,,,,,
2021-03-26,,1597045.0,,,,,,,
2021-03-29,,1600583.0,,,,,,,
2021-03-30,,1606286.0,,,,,,,
2021-03-31,,1610581.0,,,,,,,
2021-04-01,,1613306.0,,,0.0,,,,
2021-04-05,,1603010.0,,,,,,,
2021-04-06,,1609055.0,,,,,,,
2021-04-07,,1614051.0,,,,,,,
2021-04-08,,1614769.0,,,,,,,
2021-04-09,,1616706.0,,,,,,,
2021-04-12,,1604908.0,,,,,,,
2021-04-13,,1614679.0,,,,,,,
2021-04-14,,1616112.0,,,,,,,
2021-04-15,,1610364.0,,,,,,,
2021-04-16,,1615993.0,,,,,,,
2021-04-19,,1610834.0,,,,,,,
2021-04-20,,1602337.0,,,,,,,
2021-04-22,,1601604.0,,,,,,,
2021-04-23,,1595462.0,,,,,,,
2021-04-26,,1584517.0,,,,,,,
2021-04-27,,1598091.0,,,,,,,
2021-04-28,,1596188.0,,,,,,,
2021-04-29,,1601468.0,,,,,,,
2021-04-30,,1598947.0,,,,,,,
2021-05-01,,,,,0.0,,,,
2021-05-03,,1597073.0,,,,,,,
2021-05-04,,1608230.0,,,,,,,
2021-05-05,,1609592.0,,,,,,,
2021-05-06,,1606213.0,,,,,,,
2021-05-07,,1610674.0,,,,,,,
2021-05-10,,1597310.0,,,,,,,
2021-05-11,,1603220.0,,,,,,,
2021-05-12,,1608468.0,,,,,,,
2021-05-13,,1609107.0,,,,,,,
2021-05-14,,1613002.0,,,,,,,
2021-05-17,,1604355.0,,,,,,,
2021-05-18,,1612001.0,,,,,,,
2021-05-19,,1613537.0,,,,,,,
2021-05-20,,1597219.0,,,,,,,
2021-05-21,,1602735.0,,,,,,,
2021-05-24,,1601980.0,,,,,,,
2021-05-25,,1599982.0,,,,,,,
2021-05-26,,1602241.0,,,,,,,
2021-05-27,,1605745.0,,,,,,,
2021-05-28,,1606222.0,,,,,,,
2021-05-31,,1606300.0,,,,,,,
2021-06-01,,1617735.0,,,0.0,,,,
2021-06-02,,1619808.0,,,,,,,
2021-06-04,,1616782.0,,,,,,,
2021-06-07,,1616437.0,,,,,,,
2021-06-08,,1624983.0,,,,,,,
2021-06-09,,1625034.0,,,,,,,
2021-06-10,,1618379.0,,,,,,,
2021-06-11,,1622567.0,,,,,,,
2021-06-14,,1619419.0,,,,,,,
2021-06-15,,1621704.0,,,,,,,
2021-06-16,,1622854.0,,,,,,,
2021-06-17,,1623859.0,,,,,,,
2021-06-18,,1616256.0,,,,,,,
2021-06-21,,1609747.0,,,,,,,
2021-06-22,,1618216.0,,,,,,,
2021-06-23,,1616452.0,,,,,,,
2021-06-24,,1622774.0,,,,,,,
2021-06-25,,1618235.0,,,,,,,
2021-06-28,,1620408.0,,,,,,,
2021-06-29,,1625790.0,,,,,,,
2021-06-30,,1651583.0,,,,,,,
2021-07-01,,1662742.0,,,0.0,,,,
2021-07-02,,1667453.0,,,,,,,
2021-07-05,,1656188.0,,,,,,,
2021-07-06,,1664066.0,,,,,,,
2021-07-07,,1663492.0,,,,,,,
2021-07-08,,1668435.0,,,,,,,
2021-07-09,,1661116.0,,,,,,,
2021-07-12,,1657993.0,,,,,,,
2021-07-13,,1669242.0,,,,,,,
2021-07-14,,1669281.0,,,,,,,
2021-07-15,,1665149.0,,,,,,,
2021-07-16,,1662498.0,,,,,,,
2021-07-19,,1661908.0,,,,,,,
2021-07-20,,1646345.0,,,,,,,
2021-07-21,,1653645.0,,,,,,,
2021-07-22,,1657022.0,,,,,,,
2021-07-23,,1655498.0,,,,,,,
2021-07-26,,1649590.0,,,,,,,
2021-07-27,,1660122.0,,,,,,,
2021-07-28,,1663566.0,,,,,,,
2021-07-29,,1663788.0,,,,,,,
2021-07-30,,1662442.0,,,,,,,
2021-08-01,,,,,0.0,,,,
2021-08-02,,1665894.0,,,,,,,
2021-08-03,,1677948.0,,,,,,,
2021-08-04,,1667171.0,,,,,,,
2021-08-05,,1672449.0,,,,,,,
2021-08-06,,1680102.0,,,,,,,
2021-08-09,,1679528.0,,,,,,,
2021-08-10,,1689666.0,,,,,,,
2021-08-11,,1688737.0,,,,,,,
2021-08-12,,1691865.0,,,,,,,
2021-08-13,,1692782.0,,,,,,,
2021-08-16,,1683848.0,,,,,,,
2021-08-17,,1689448.0,,,,,,,
2021-08-18,,1695442.0,,,,,,,
2021-08-19,,1695822.0,,,,,,,
2021-08-20,,1682388.0,,,,,,,
2021-08-23,,1691331.0,,,,,,,
2021-08-24,,1684153.0,,,,,,,
2021-08-25,,1679974.0,,,,,,,
2021-08-26,,1677534.0,,,,,,,
2021-08-27,,1693287.0,,,,,,,
2021-08-30,,1691430.0,,,,,,,
2021-08-31,,1690736.0,,,,,,,
2021-09-01,,1696596.0,,,0.0,,,,
2021-09-02,,1703324.0,,,,,,,
2021-09-03,,1705333.0,,,,,,,
2021-09-06,,1698054.0,,,,,,,
2021-09-08,,1698753.0,,,,,,,
2021-09-09,,1703463.0,,,,,,,
2021-09-10,,1700650.0,,,,,,,
2021-09-13,,1701098.0,,,,,,,
2021-09-14,,1707856.0,,,,,,,
2021-09-15,,1702241.0,,,,,,,
2021-09-16,,1707154.0,,,,,,,
2021-09-17,,1707678.0,,,,,,,
2021-09-20,,1692961.0,,,,,,,
2021-09-21,,1700990.0,,,,,,,
2021-09-22,,1705986.0,,,,,,,
2021-09-23,,1708367.0,,,,,,,
2021-09-24,,1705588.0,,,,,,,
2021-09-27,,1699814.0,,,,,,,
2021-09-28,,1710276.0,,,,,,,
2021-09-29,,1719332.0,,,,,,,
2021-09-30,,1714752.0,,,,,,,
2021-10-01,,1732840.0,,,0.0,,,,
2021-10-04,,1728464.0,,,,,,,
2021-10-05,,1728818.0,,,,,,,
2021-10-06,,1734204.0,,,,,,,
2021-10-07,,1734646.0,,,,,,,
2021-10-08,,1732629.0,,,,,,,
2021-10-11,,1718337.0,,,,,,,
2021-10-13,,1723716.0,,,,,,,
2021-10-14,,1725198.0,,,,,,,
2021-10-15,,1717299.0,,,,,,,
2021-10-18,,1714523.0,,,,,,,
2021-10-19,,1720721.0,,,,,,,
2021-10-20,,1689176.0,,,,,,,
2021-10-21,,1687496.0,,,,,,,
2021-10-22,,1711315.0,,,,,,,
2021-10-25,,1699221.0,,,,,,,
2021-10-26,,1706873.0,,,,,,,
2021-10-27,,1705671.0,,,,,,,
2021-10-28,,1704010.0,,,,,,,
2021-10-29,,1695383.0,,,,,,,
2021-11-01,,1692387.0,,,0.0,,,,
2021-11-03,,1702996.0,,,,,,,
2021-11-04,,1703573.0,,,,,,,
2021-11-05,,1701160.0,,,,,,,
2021-11-08,,1699808.0,,,,,,,
2021-11-09,,1700587.0,,,,,,,
2021-11-10,,1694352.0,,,,,,,
2021-11-11,,1702212.0,,,,,,,
2021-11-12,,1698297.0,,,,,,,
2021-11-16,,1682466.0,,,,,,,
2021-11-17,,1694270.0,,,,,,,
2021-11-18,,1696621.0,,,,,,,
2021-11-19,,1686514.0,,,,,,,
2021-11-22,,1676245.0,,,,,,,
2021-11-23,,1682402.0,,,,,,,
2021-11-24,,1690024.0,,,,,,,
2021-11-25,,1685716.0,,,,,,,
2021-11-26,,1689884.0,,,,,,,
2021-11-29,,1688052.0,,,,,,,
2021-11-30,,1697294.0,,,,,,,
2021-12-01,,1707931.0,,,0.0488,,,,
2021-12-02,,1712223.0,,,,,,,
2021-12-03,,1713676.0,,,,,,,
2021-12-06,,1709821.0,,,,,,,
2021-12-07,,1715318.0,,,,,,,
2021-12-08,,1713399.0,,,,,,,
2021-12-09,,1712081.0,,,,,,,
2021-12-10,,1707482.0,,,,,,,
2021-12-13,,1709451.0,,,,,,,
2021-12-14,,1720242.0,,,,,,,
2021-12-15,,1714771.0,,,,,,,
2021-12-16,,1720889.0,,,,,,,
2021-12-17,,1714290.0,,,,,,,
2021-12-20,,1689323.0,,,,,,,
2021-12-21,,1697560.0,,,,,,,
2021-12-22,,1699167.0,,,,,,,
2021-12-23,,1701793.0,,,,,,,
2021-12-24,,1706764.0,,,,,,,
2021-12-27,,1703433.0,,,,,,,
2021-12-28,,1702325.0,,,,,,,
2021-12-29,,1730209.0,,,,,,,
2021-12-30,,1747145.0,,,,,,,
2021-12-31,,1758395.0,,,,,,,
2022-01-01,,,,,0.0605,,,,
2022-01-03,,1741322.0,,,,,,,
2022-01-04,,1751674.0,,,,,,,
2022-01-05,,1744532.0,,,,,,,
2022-01-06,,1756514.0,,,,,,,
2022-01-07,,1749958.0,,,,,,,
2022-01-10,,1727890.0,,,,,,,
2022-01-11,,1727499.0,,,,,,,
2022-01-12,,1736738.0,,,,,,,
2022-01-13,,1729237.0,,,,,,,
2022-01-14,,1741565.0,,,,,,,
2022-01-17,,1725887.0,,,,,,,
2022-01-18,,1727899.0,,,,,,,
2022-01-19,,1730924.0,,,,,,,
2022-01-20,,1709629.0,,,,,,,
2022-01-21,,1705115.0,,,,,,,
2022-01-24,,1699431.0,,,,,,,
2022-01-25,,1705868.0,,,,,,,
2022-01-26,,1709679.0,,,,,,,
2022-01-27,,1710914.0,,,,,,,
2022-01-28,,1703778.0,,,,,,,
2022-01-31,,1679673.0,,,,,,,
2022-02-01,,1687995.0,,,0.0,,,,
2022-02-02,,1695049.0,,,,,,,
2022-02-03,,1696819.0,,,,,,,
2022-02-04,,1700914.0,,,,,,,
2022-02-07,,1691558.0,,,,,,,
2022-02-08,,1697943.0,,,,,,,
2022-02-09,,1699424.0,,,,,,,
2022-02-10,,1693070.0,,,,,,,
2022-02-11,,1699181.0,,,,,,,
2022-02-14,,1696599.0,,,,,,,
2022-02-15,,1698377.0,,,,,,,
2022-02-16,,1704720.0,,,,,,,
2022-02-17,,1703587.0,,,,,,,
2022-02-18,,1689628.0,,,,,,,
2022-02-21,,1680734.0,,,,,,,
2022-02-22,,1686369.0,,,,,,,
2022-02-23,,1694068.0,,,,,,,
2022-02-24,,1698221.0,,,,,,,
2022-02-25,,1703336.0,,,,,,,
2022-03-01,,,,,0.0971,,,,
2022-03-02,,1693838.0,,,,,,,
2022-03-03,,1709922.0,,,,,,,
2022-03-04,,1704496.0,,,,,,,
2022-03-07,,1706659.0,,,,,,,
2022-03-08,,1720966.0,,,,,,,
2022-03-10,,1715562.0,,,,,,,
2022-03-11,,1724391.0,,,,,,,
2022-03-14,,1722640.0,,,,,,,
2022-03-15,,1726594.0,,,,,,,
2022-03-16,,1721286.0,,,,,,,
2022-03-17,,1729754.0,,,,,,,
2022-03-18,,1718275.0,,,,,,,
2022-03-21,,1709619.0,,,,,,,
2022-03-22,,1722310.0,,,,,,,
2022-03-23,,1725794.0,,,,,,,
2022-03-24,,1729202.0,,,,,,,
2022-03-25,,1721506.0,,,,,,,
2022-03-28,,1727420.0,,,,,,,
2022-03-29,,1817036.0,,,,,,,
2022-03-30,,1748588.0,,,,,,,
2022-03-31,,1745526.0,,,,,,,
2022-04-01,,1764830.0,,,0.0555,,,,
2022-04-04,,1759851.0,,,,,,,
2022-04-05,,1765060.0,,,,,,,
2022-04-06,,1766412.0,,,,,,,
2022-04-07,,1768672.0,,,,,,,
2022-04-08,,1771770.0,,,,,,,
2022-04-11,,1757752.0,,,,,,,
2022-04-12,,1710268.0,,,,,,,
2022-04-13,,1781136.0,,,,,,,
2022-04-14,,1781340.0,,,,,,,
2022-04-18,,1739500.0,,,,,,,
2022-04-19,,1776851.0,,,,,,,
2022-04-20,,1752820.0,,,,,,,
2022-04-22,,1757335.0,,,,,,,
2022-04-25,,1747994.0,,,,,,,
2022-04-26,,1766239.0,,,,,,,
2022-04-27,,1773797.0,,,,,,,
2022-04-28,,1771344.0,,,,,,,
2022-04-29,,1780472.0,,,,,,,
2022-05-01,,,,,0.1663,,,,
2022-05-02,,1791960.0,,,,,,,
2022-05-03,,1805596.0,,,,,,,
2022-05-04,,1810872.0,,,,,,,
2022-05-05,,1802555.0,,,,,,,
2022-05-06,,1815107.0,,,,,,,
2022-05-09,,1808913.0,,,,,,,
2022-05-10,,1811852.0,,,,,,,
2022-05-11,,1823224.0,,,,,,,
2022-05-12,,1830413.0,,,,,,,
2022-05-13,,1824203.0,,,,,,,
2022-05-16,,1817148.0,,,,,,,
2022-05-17,,1826851.0,,,,,,,
2022-05-18,,1830144.0,,,,,,,
2022-05-19,,1832113.0,,,,,,,
2022-05-20,,1811347.0,,,,,,,
2022-05-23,,1802484.0,,,,,,,
2022-05-24,,1816908.0,,,,,,,
2022-05-25,,1814358.0,,,,,,,
2022-05-26,,1819267.0,,,,,,,
2022-05-27,,1830473.0,,,,,,,
2022-05-30,,1824896.0,,,,,,,
2022-05-31,,1833713.0,,,,,,,
2022-06-01,,1850823.0,,,0.1484,,,,
2022-06-02,,1838492.0,,,,,,,
2022-06-03,,1854610.0,,,,,,,
2022-06-06,,1843579.0,,,,,,,
2022-06-07,,1857290.0,,,,,,,
2022-06-08,,1864278.0,,,,,,,
2022-06-09,,1857408.0,,,,,,,
2022-06-10,,1851448.0,,,,,,,
2022-06-13,,1851617.0,,,,,,,
2022-06-14,,1870398.0,,,,,,,
2022-06-15,,1867095.0,,,,,,,
2022-06-17,,1867851.0,,,,,,,
2022-06-20,,1842429.0,,,,,,,
2022-06-21,,1855262.0,,,,,,,
2022-06-22,,1863719.0,,,,,,,
2022-06-23,,1867910.0,,,,,,,
2022-06-24,,1866060.0,,,,,,,
2022-06-27,,1860817.0,,,,,,,
2022-06-28,,1872520.0,,,,,,,
2022-06-29,,1872868.0,,,,,,,
2022-06-30,,1881678.0,,,,,,,
2022-07-01,,1897061.0,,,0.1631,,,,
2022-07-04,,1892295.0,,,,,,,
2022-07-05,,1895403.0,,,,,,,
2022-07-06,,1903536.0,,,,,,,
2022-07-07,,1909337.0,,,,,,,
2022-07-08,,1907731.0,,,,,,,
2022-07-11,,1890087.0,,,,,,,
2022-07-12,,1903582.0,,,,,,,
2022-07-13,,1912193.0,,,,,,,
2022-07-14,,1914887.0,,,,,,,
2022-07-15,,1900323.0,,,,,,,
2022-07-18,,1906771.0,,,,,,,
2022-07-19,,1964573.0,,,,,,,
2022-07-20,,1895759.0,,,,,,,
2022-07-21,,1904786.0,,,,,,,
2022-07-22,,1911246.0,,,,,,,
2022-07-25,,1902726.0,,,,,,,
2022-07-26,,1912970.0,,,,,,,
2022-07-27,,1921378.0,,,,,,,
2022-07-28,,1919100.0,,,,,,,
2022-07-29,,1905259.0,,,,,,,
2022-08-01,,1919809.0,,,0.2409,,,,
2022-08-02,,1933554.0,,,,,,,
2022-08-03,,1937597.0,,,,,,,
2022-08-04,,1943029.0,,,,,,,
2022-08-05,,1939304.0,,,,,,,
2022-08-08,,1933370.0,,,,,,,
2022-08-09,,1880635.0,,,,,,,
2022-08-10,,1930637.0,,,,,,,
2022-08-11,,1938459.0,,,,,,,
2022-08-12,,1921261.0,,,,,,,
2022-08-15,,1913955.0,,,,,,,
2022-08-16,,1947831.0,,,,,,,
2022-08-17,,1950781.0,,,,,,,
2022-08-18,,1950874.0,,,,,,,
2022-08-19,,1935400.0,,,,,,,
2022-08-22,,1927567.0,,,,,,,
2022-08-23,,1940643.0,,,,,,,
2022-08-24,,1946045.0,,,,,,,
2022-08-25,,1934845.0,,,,,,,
2022-08-26,,1943943.0,,,,,,,
2022-08-29,,1918576.0,,,,,,,
2022-08-30,,1954356.0,,,,,,,
2022-08-31,,1967526.0,,,,,,,
2022-09-01,,1971415.0,,,0.1805,,,,
2022-09-02,,1978996.0,,,,,,,
2022-09-05,,1946857.0,,,,,,,
2022-09-06,,1972705.0,,,,,,,
2022-09-08,,1973748.0,,,,,,,
2022-09-09,,1975575.0,,,,,,,
2022-09-12,,1962854.0,,,,,,,
2022-09-13,,1965831.0,,,,,,,
2022-09-14,,1984798.0,,,,,,,
2022-09-15,,1975517.0,,,,,,,
2022-09-16,,1982836.0,,,,,,,
2022-09-19,,1974285.0,,,,,,,
2022-09-20,,1961864.0,,,,,,,
2022-09-21,,1974130.0,,,,,,,
2022-09-22,,1968473.0,,,,,,,
2022-09-23,,1973440.0,,,,,,,
2022-09-26,,1967822.0,,,,,,,
2022-09-27,,1978576.0,,,,,,,
2022-09-28,,1979950.0,,,,,,,
2022-09-29,,2003833.0,,,,,,,
2022-09-30,,2005408.0,,,,,,,
2022-10-01,,,,,0.1494,,,,
2022-10-03,,2007522.0,,,,,,,
2022-10-04,,2017085.0,,,,,,,
2022-10-05,,2018219.0,,,,,,,
2022-10-06,,2011838.0,,,,,,,
2022-10-07,,2015077.0,,,,,,,
2022-10-10,,1985490.0,,,,,,,
2022-10-11,,2005569.0,,,,,,,
2022-10-13,,2002882.0,,,,,,,
2022-10-14,,2006313.0,,,,,,,
2022-10-17,,1996235.0,,,,,,,
2022-10-18,,2007711.0,,,,,,,
2022-10-19,,2005714.0,,,,,,,
2022-10-20,,1974496.0,,,,,,,
2022-10-21,,1994280.0,,,,,,,
2022-10-24,,1991182.0,,,,,,,
2022-10-25,,1994697.0,,,,,,,
2022-10-26,,1999968.0,,,,,,,
2022-10-27,,1998785.0,,,,,,,
2022-10-28,,2011718.0,,,,,,,
2022-10-31,,2002912.0,,,,,,,
2022-11-01,,2017022.0,,,0.1507,,,,
2022-11-03,,2015314.0,,,,,,,
2022-11-04,,2022593.0,,,,,,,
2022-11-07,,1999411.0,,,,,,,
2022-11-08,,2021797.0,,,,,,,
2022-11-09,,2020890.0,,,,,,,
2022-11-10,,2002926.0,,,,,,,
2022-11-11,,2021362.0,,,,,,,
2022-11-14,,2015671.0,,,,,,,
2022-11-16,,2018526.0,,,,,,,
2022-11-17,,2023976.0,,,,,,,
2022-11-18,,2016080.0,,,,,,,
2022-11-21,,2008734.0,,,,,,,
2022-11-22,,2028454.0,,,,,,,
2022-11-23,,2036529.0,,,,,,,
2022-11-24,,2033266.0,,,,,,,
2022-11-25,,2026626.0,,,,,,,
2022-11-28,,2020405.0,,,,,,,
2022-11-29,,2034923.0,,,,,,,
2022-11-30,,2046015.0,,,,,,,
2022-12-01,,2049163.0,,,0.2072,,,,
2022-12-02,,2067547.0,,,,,,,
2022-12-05,,2073463.0,,,,,,,
2022-12-06,,2060904.0,,,,,,,
2022-12-07,,2002077.0,,,,,,,
2022-12-08,,2072731.0,,,,,,,
2022-12-09,,2070641.0,,,,,,,
2022-12-12,,2032102.0,,,,,,,
2022-12-13,,2065349.0,,,,,,,
2022-12-14,,2072545.0,,,,,,,
2022-12-15,,2063864.0,,,,,,,
2022-12-16,,2072206.0,,,,,,,
2022-12-19,,2067763.0,,,,,,,
2022-12-20,,2045991.0,,,,,,,
2022-12-21,,2055684.0,,,,,,,
2022-12-22,,2062564.0,,,,,,,
2022-12-23,,2067333.0,,,,,,,
2022-12-26,,2065314.0,,,,,,,
2022-12-27,,2078235.0,,,,,,,
2022-12-28,,2082575.0,,,,,,,
2022-12-29,,2099573.0,,,,,,,
2022-12-30,,2098247.0,,,,,,,
2023-01-01,,,,,0.2081,,,,
2023-01-02,,2098424.0,,,,,,,
2023-01-03,,2118181.0,,,,,,,
2023-01-04,,2127308.0,,,,,,,
2023-01-05,,2124251.0,,,,,,,
2023-01-06,,2121838.0,,,,,,,
2023-01-09,,2106278.0,,,,,,,
2023-01-10,,2101789.0,,,,,,,
2023-01-11,,2106556.0,,,,,,,
2023-01-12,,2087481.0,,,,,,,
2023-01-13,,2097790.0,,,,,,,
2023-01-16,,2092110.0,,,,,,,
2023-01-17,,2096955.0,,,,,,,
2023-01-18,,2105700.0,,,,,,,
2023-01-19,,2101846.0,,,,,,,
2023-01-20,,2078706.0,,,,,,,
2023-01-23,,2086395.0,,,,,,,
2023-01-24,,2084324.0,,,,,,,
2023-01-25,,2078695.0,,,,,,,
2023-01-26,,2087017.0,,,,,,,
2023-01-27,,2089520.0,,,,,,,
2023-01-30,,2082625.0,,,,,,,
2023-01-31,,2074949.0,,,,,,,
2023-02-01,,2092608.0,,,0.083,,,,
2023-02-02,,2098231.0,,,,,,,
2023-02-03,,2096584.0,,,,,,,
2023-02-06,,2093907.0,,,,,,,
2023-02-07,,2081602.0,,,,,,,
2023-02-08,,2105705.0,,,,,,,
2023-02-09,,2107923.0,,,,,,,
2023-02-10,,2099087.0,,,,,,,
2023-02-13,,2103619.0,,,,,,,
2023-02-14,,2109390.0,,,,,,,
2023-02-15,,2106832.0,,,,,,,
2023-02-16,,2109345.0,,,,,,,
2023-02-17,,2097669.0,,,,,,,
2023-02-22,,2090161.0,,,,,,,
2023-02-23,,2098379.0,,,,,,,
2023-02-24,,2095891.0,,,,,,,
2023-02-27,,2087019.0,,,,,,,
2023-02-28,,2104563.0,,,,,,,
2023-03-01,,2121140.0,,,0.2392,,,,
2023-03-02,,2125538.0,,,,,,,
2023-03-03,,2132332.0,,,,,,,
2023-03-06,,2129795.0,,,,,,,
2023-03-07,,2138980.0,,,,,,,
2023-03-08,,2142589.0,,,,,,,
2023-03-09,,2131563.0,,,,,,,
2023-03-10,,2142749.0,,,,,,,
2023-03-13,,2146077.0,,,,,,,
2023-03-14,,2155671.0,,,,,,,
2023-03-15,,2152118.0,,,,,,,
2023-03-16,,2156945.0,,,,,,,
2023-03-17,,2161181.0,,,,,,,
2023-03-20,,2139153.0,,,,,,,
2023-03-21,,2171280.0,,,,,,,
2023-03-22,,2169013.0,,,,,,,
2023-03-23,,2173331.0,,,,,,,
2023-03-24,,2158135.0,,,,,,,
2023-03-27,,2177692.0,,,,,,,
2023-03-28,,2185715.0,,,,,,,
2023-03-29,,2192577.0,,,,,,,
2023-03-30,,2193055.0,,,,,,,
2023-03-31,,2196330.0,,,,,,,
2023-04-01,,,,,0.0821,,,,
2023-04-03,,2197303.0,,,,,,,
2023-04-04,,2209841.0,,,,,,,
2023-04-05,,2206198.0,,,,,,,
2023-04-06,,2211339.0,,,,,,,
2023-04-10,,2186922.0,,,,,,,
2023-04-11,,2205832.0,,,,,,,
2023-04-12,,2210769.0,,,,,,,
2023-04-13,,2216369.0,,,,,,,
2023-04-14,,2215110.0,,,,,,,
2023-04-17,,2201973.0,,,,,,,
2023-04-18,,2211046.0,,,,,,,
2023-04-19,,2212014.0,,,,,,,
2023-04-20,,2192627.0,,,,,,,
2023-04-24,,2187707.0,,,,,,,
2023-04-25,,2188465.0,,,,,,,
2023-04-26,,2189429.0,,,,,,,
2023-04-27,,2194445.0,,,,,,,
2023-04-28,,2196867.0,,,,,,,
2023-05-01,,,,,0.2147,,,,
2023-05-02,,2195735.0,,,,,,,
2023-05-03,,2212725.0,,,,,,,
2023-05-04,,2220018.0,,,,,,,
2023-05-05,,2214971.0,,,,,,,
2023-05-08,,2214971.0,,,,,,,
2023-05-09,,2225519.0,,,,,,,
2023-05-10,,2219467.0,,,,,,,
2023-05-11,,2225357.0,,,,,,,
2023-05-12,,2231383.0,,,,,,,
2023-05-15,,2220630.0,,,,,,,
2023-05-16,,2229992.0,,,,,,,
2023-05-17,,2233402.0,,,,,,,
2023-05-18,,2233195.0,,,,,,,
2023-05-19,,2222780.0,,,,,,,
2023-05-22,,2194131.0,,,,,,,
2023-05-23,,2222127.0,,,,,,,
2023-05-24,,2228876.0,,,,,,,
2023-05-25,,2226205.0,,,,,,,
2023-05-26,,2232351.0,,,,,,,
2023-05-29,,2229577.0,,,,,,,
2023-05-30,,2244650.0,,,,,,,
2023-05-31,,2248518.0,,,,,,,
2023-06-01,,2269383.0,,,0.1799,,,,
2023-06-02,,2278289.0,,,,,,,
2023-06-05,,2272435.0,,,,,,,
2023-06-06,,2283441.0,,,,,,,
2023-06-07,,2281148.0,,,,,,,
2023-06-09,,2269316.0,,,,,,,
2023-06-12,,2261675.0,,,,,,,
2023-06-13,,2270503.0,,,,,,,
2023-06-14,,2277427.0,,,,,,,
2023-06-15,,2251071.0,,,,,,,
2023-06-16,,2277604.0,,,,,,,
2023-06-19,,2271477.0,,,,,,,
2023-06-20,,2251667.0,,,,,,,
2023-06-21,,2256423.0,,,,,,,
2023-06-22,,2263240.0,,,,,,,
2023-06-23,,2258213.0,,,,,,,
2023-06-26,,2249454.0,,,,,,,
2023-06-27,,2270129.0,,,,,,,
2023-06-28,,2276453.0,,,,,,,
2023-06-29,,2293161.0,,,,,,,
2023-06-30,,2313385.0,,,,,,,
2023-07-01,,,,,0.1581,,,,
2023-08-01,,,,,0.216,,,,
2023-09-01,,,,,0.113,,,,
2023-10-01,,,,,0.1056,,,,
2023-11-01,,,,,0.0775,,,,
2023-12-01,,,,,0.069,,,,
2024-01-01,,,,,0.0875,,,,
2024-02-01,,,,,0.0079,,,,
2024-03-01,,,,,0.0331,,,,
2024-04-01,,,,,0.1023,,,,
2024-05-01,,,,,0.087,,,,
2024-06-01,,,,,0.0365,,,,
2024-07-01,,,,,0.0739,,,,
2024-08-01,,,,,0.0707,,,,
2024-09-01,,,,,0.0675,,,,
2024-10-01,,,,,0.0977,,,,
2024-11-01,,,,,0.0649,,,,
2024-12-01,,,,,0.0822,,,,
2025-01-01,,,,,0.169,,,,
2025-02-01,,,,,0.1324,,,,
2025-03-01,,,,,0.1092,,,,
2025-04-01,,,,,0.1689,,,,
2025-05-01,,,,,0.1712,,,,
2025-06-01,,,,,0.1699,,,,
2025-07-01,,,,,0.1758,,,,
2025-08-01,,,,,0.1722,,,,
2025-09-01,,,,,0.1742,,,,
2025-10-01,,,,,0.1758,,,,
2025-11-01,,,,,0.1634,,,,
2025-12-01,,,,,0.1742,,,,
2026-01-01,,,,,0.1718,,,,
